SKU,Current Stock,Ordered Stock,Lead Time,Reorder Point
SKU00001,152,51,13,90
SKU00002,70,82,9,53
SKU00003,180,21,7,31
SKU00004,393,29,8,31
SKU00005,241,59,7,62
SKU00006,363,21,11,78
SKU00007,108,41,5,84
SKU00008,293,63,11,32
SKU00009,356,6,7,68
SKU00010,323,3,11,89
SKU00011,63,8,12,82
SKU00012,435,83,9,73
SKU00013,313,46,5,65
SKU00014,99,3,4,35
SKU00015,103,3,8,92
SKU00016,451,89,4,91
SKU00017,319,94,10,91
SKU00018,345,84,4,82
SKU00019,329,25,11,89
SKU00020,429,40,3,38
SKU00021,393,0,10,92
SKU00022,188,80,10,64
SKU00023,468,32,13,34
SKU00024,280,40,9,41
SKU00025,467,32,9,52
SKU00026,111,87,7,73
SKU00027,409,85,13,64
SKU00028,498,98,7,76
SKU00029,180,0,7,43
SKU00030,408,26,11,44
SKU00031,395,41,5,92
SKU00032,401,51,6,52
SKU00033,280,14,13,58
SKU00034,85,12,9,88
SKU00035,292,85,4,71
SKU00036,94,61,11,35
SKU00037,333,27,6,59
SKU00038,495,74,12,91
SKU00039,274,0,11,56
SKU00040,495,76,11,32
SKU00041,408,69,10,56
SKU00042,186,61,7,80
SKU00043,283,43,10,88
SKU00044,423,31,10,81
SKU00045,162,61,3,87
SKU00046,101,11,9,31
SKU00047,436,55,3,88
SKU00048,162,1,4,83
SKU00049,392,95,3,30
SKU00050,452,1,7,73
SKU00051,267,31,8,61
SKU00052,296,67,9,85
SKU00053,172,16,8,53
SKU00054,374,97,8,40
SKU00055,289,15,3,88
SKU00056,375,79,5,49
SKU00057,301,58,6,48
SKU00058,395,66,5,49
SKU00059,401,70,6,62
SKU00060,473,38,4,30
SKU00061,316,91,11,79
SKU00062,200,30,12,36
SKU00063,301,15,12,89
SKU00064,418,1,3,77
SKU00065,303,11,7,66
SKU00066,209,8,11,48
SKU00067,353,79,5,49
SKU00068,201,53,10,62
SKU00069,457,74,3,65
SKU00070,471,83,5,54
SKU00071,398,17,4,95
SKU00072,359,34,11,62
SKU00073,117,32,7,77
SKU00074,453,7,9,96
SKU00075,450,32,13,51
SKU00076,287,29,8,80
SKU00077,487,7,13,56
SKU00078,275,20,3,57
SKU00079,416,63,3,98
SKU00080,366,47,5,33
SKU00081,84,63,3,46
SKU00082,221,91,7,35
SKU00083,148,36,10,75
SKU00084,230,94,5,89
SKU00085,165,62,7,61
SKU00086,210,66,4,54
SKU00087,272,53,12,96
SKU00088,409,45,10,61
SKU00089,480,85,9,95
SKU00090,176,26,12,31
SKU00091,322,32,11,72
SKU00092,295,47,9,71
SKU00093,296,25,5,79
SKU00094,458,23,12,36
SKU00095,362,35,6,94
SKU00096,313,15,5,44
SKU00097,141,97,4,61
SKU00098,264,62,8,80
SKU00099,202,57,8,87
SKU00100,107,85,3,81
SKU00101,219,69,8,89
SKU00102,150,96,10,82
SKU00103,109,4,9,97
SKU00104,311,95,6,76
SKU00105,404,54,10,81
SKU00106,193,12,4,59
SKU00107,196,16,10,92
SKU00108,324,91,12,84
SKU00109,395,89,7,91
SKU00110,328,8,7,30
SKU00111,107,0,4,77
SKU00112,138,0,9,93
SKU00113,496,68,8,96
SKU00114,125,25,5,86
SKU00115,334,77,7,76
SKU00116,143,61,6,98
SKU00117,253,15,12,77
SKU00118,390,38,6,62
SKU00119,303,93,7,52
SKU00120,299,9,8,98
SKU00121,149,33,6,39
SKU00122,299,18,12,30
SKU00123,374,3,10,31
SKU00124,433,31,13,53
SKU00125,445,49,5,62
SKU00126,466,60,5,72
SKU00127,150,11,5,94
SKU00128,466,39,12,72
SKU00129,93,28,4,64
SKU00130,264,80,12,37
SKU00131,142,25,12,63
SKU00132,164,6,6,87
SKU00133,163,74,10,65
SKU00134,266,20,11,65
SKU00135,443,72,10,93
SKU00136,276,48,5,65
SKU00137,145,23,9,91
SKU00138,273,36,3,84
SKU00139,62,22,11,59
SKU00140,322,61,6,42
SKU00141,236,18,3,41
SKU00142,494,18,11,57
SKU00143,255,94,6,45
SKU00144,422,68,5,41
SKU00145,74,51,13,82
SKU00146,200,15,11,68
SKU00147,158,52,12,87
SKU00148,472,13,12,34
SKU00149,212,86,13,47
SKU00150,288,75,11,87
SKU00151,450,6,10,71
SKU00152,442,49,13,95
SKU00153,54,28,7,67
SKU00154,388,7,3,46
SKU00155,376,88,6,65
SKU00156,119,30,5,90
SKU00157,413,53,9,48
SKU00158,88,66,4,87
SKU00159,197,91,10,90
SKU00160,432,38,3,32
SKU00161,397,61,11,92
SKU00162,418,24,10,62
SKU00163,471,5,12,73
SKU00164,222,31,7,65
SKU00165,276,18,6,86
SKU00166,451,46,11,78
SKU00167,63,14,3,83
SKU00168,423,2,9,86
SKU00169,61,73,10,53
SKU00170,205,7,12,65
SKU00171,139,7,12,89
SKU00172,227,27,7,70
SKU00173,277,63,13,92
SKU00174,194,72,3,58
SKU00175,446,45,5,35
SKU00176,131,68,11,95
SKU00177,59,55,4,34
SKU00178,168,32,8,94
SKU00179,195,95,3,40
SKU00180,390,25,11,88
SKU00181,332,48,3,30
SKU00182,454,54,8,98
SKU00183,400,4,8,32
SKU00184,486,22,7,82
SKU00185,214,73,12,46
SKU00186,134,77,11,30
SKU00187,100,44,6,91
SKU00188,498,31,4,68
SKU00189,203,33,8,32
SKU00190,428,49,3,83
SKU00191,285,4,13,86
SKU00192,450,46,9,43
SKU00193,115,74,5,67
SKU00194,241,97,8,79
SKU00195,147,81,13,80
SKU00196,496,97,6,67
SKU00197,384,29,9,80
SKU00198,130,4,6,39
SKU00199,233,16,12,46
SKU00200,389,87,7,63
SKU00201,311,52,4,72
SKU00202,289,74,5,52
SKU00203,232,79,13,45
SKU00204,57,3,10,33
SKU00205,233,24,5,96
SKU00206,204,92,4,90
SKU00207,171,50,5,50
SKU00208,54,81,12,90
SKU00209,71,20,8,30
SKU00210,182,11,12,75
SKU00211,83,48,12,74
SKU00212,460,72,12,76
SKU00213,170,85,10,92
SKU00214,97,60,3,55
SKU00215,341,0,10,81
SKU00216,256,46,10,43
SKU00217,77,86,10,31
SKU00218,414,25,13,85
SKU00219,420,6,5,52
SKU00220,287,17,12,67
SKU00221,276,14,11,57
SKU00222,251,38,11,46
SKU00223,280,85,12,73
SKU00224,74,16,6,54
SKU00225,117,9,5,47
SKU00226,160,99,8,63
SKU00227,160,7,10,71
SKU00228,474,5,6,55
SKU00229,369,97,13,85
SKU00230,364,69,7,62
SKU00231,486,21,7,99
SKU00232,119,3,13,91
SKU00233,367,93,10,84
SKU00234,186,2,5,60
SKU00235,89,35,10,35
SKU00236,371,83,13,33
SKU00237,384,5,8,80
SKU00238,111,56,4,37
SKU00239,75,50,7,99
SKU00240,459,67,5,49
SKU00241,162,11,3,43
SKU00242,369,37,7,40
SKU00243,405,76,13,32
SKU00244,210,5,4,39
SKU00245,310,22,12,73
SKU00246,435,12,10,31
SKU00247,133,64,7,46
SKU00248,314,74,10,67
SKU00249,468,93,3,98
SKU00250,367,59,4,38
SKU00251,467,75,5,64
SKU00252,50,39,8,89
SKU00253,369,92,10,40
SKU00254,410,13,5,66
SKU00255,54,82,13,55
SKU00256,111,3,11,71
SKU00257,138,17,10,68
SKU00258,153,13,5,67
SKU00259,402,22,3,54
SKU00260,194,96,9,95
SKU00261,358,50,9,80
SKU00262,247,5,5,36
SKU00263,228,71,12,93
SKU00264,64,28,3,56
SKU00265,469,28,8,86
SKU00266,146,26,9,62
SKU00267,303,67,8,95
SKU00268,59,4,13,67
SKU00269,446,30,6,81
SKU00270,233,14,10,34
SKU00271,206,46,6,74
SKU00272,179,26,5,65
SKU00273,341,25,13,56
SKU00274,118,19,13,67
SKU00275,183,71,9,76
SKU00276,395,45,13,41
SKU00277,267,12,10,91
SKU00278,259,88,3,89
SKU00279,220,75,6,97
SKU00280,182,36,10,60
SKU00281,427,8,8,80
SKU00282,78,77,10,70
SKU00283,263,10,9,30
SKU00284,351,20,12,65
SKU00285,231,86,11,30
SKU00286,368,53,9,69
SKU00287,448,20,11,82
SKU00288,186,73,6,86
SKU00289,166,25,11,64
SKU00290,112,24,12,67
SKU00291,435,6,4,63
SKU00292,396,16,13,88
SKU00293,413,50,8,53
SKU00294,74,70,6,99
SKU00295,393,32,3,58
SKU00296,112,21,12,57
SKU00297,419,84,3,78
SKU00298,197,85,10,78
SKU00299,376,0,9,80
SKU00300,428,55,5,91
SKU00301,81,29,3,74
SKU00302,335,15,10,48
SKU00303,67,0,5,76
SKU00304,243,91,3,67
SKU00305,484,62,6,30
SKU00306,313,28,9,32
SKU00307,337,9,12,63
SKU00308,429,96,9,84
SKU00309,337,49,9,37
SKU00310,370,56,9,96
SKU00311,492,71,8,96
SKU00312,100,96,10,63
SKU00313,340,95,10,61
SKU00314,169,45,13,45
SKU00315,214,53,7,43
SKU00316,272,54,4,36
SKU00317,379,6,3,52
SKU00318,134,18,5,65
SKU00319,334,59,4,31
SKU00320,434,46,7,49
SKU00321,60,1,5,41
SKU00322,69,4,7,67
SKU00323,305,93,11,82
SKU00324,477,98,6,53
SKU00325,130,73,10,88
SKU00326,264,95,3,43
SKU00327,58,39,4,54
SKU00328,408,72,8,51
SKU00329,284,3,12,87
SKU00330,78,97,9,66
SKU00331,124,69,4,71
SKU00332,405,40,8,63
SKU00333,66,36,11,56
SKU00334,362,30,8,69
SKU00335,147,11,11,82
SKU00336,443,44,3,55
SKU00337,239,45,4,83
SKU00338,412,64,5,82
SKU00339,341,25,7,40
SKU00340,345,10,6,88
SKU00341,344,98,8,84
SKU00342,160,23,8,51
SKU00343,118,55,3,65
SKU00344,288,19,5,91
SKU00345,414,97,11,55
SKU00346,499,72,11,69
SKU00347,66,0,11,90
SKU00348,476,41,11,68
SKU00349,340,2,4,73
SKU00350,484,93,8,41
SKU00351,324,43,13,78
SKU00352,494,16,12,86
SKU00353,360,46,10,37
SKU00354,198,80,9,99
SKU00355,249,24,4,41
SKU00356,192,58,12,55
SKU00357,96,31,12,45
SKU00358,248,16,9,55
SKU00359,135,6,7,36
SKU00360,186,47,10,88
SKU00361,264,92,4,68
SKU00362,451,58,12,46
SKU00363,63,30,10,89
SKU00364,350,97,5,66
SKU00365,220,39,12,84
SKU00366,413,38,10,33
SKU00367,398,85,11,42
SKU00368,259,32,12,95
SKU00369,360,98,12,63
SKU00370,463,12,4,61
SKU00371,145,98,13,68
SKU00372,351,28,3,91
SKU00373,294,56,10,39
SKU00374,463,24,9,34
SKU00375,114,93,3,32
SKU00376,478,13,10,59
SKU00377,373,17,7,54
SKU00378,481,64,7,44
SKU00379,354,87,6,41
SKU00380,236,36,7,72
SKU00381,429,69,9,85
SKU00382,368,45,10,40
SKU00383,111,76,4,54
SKU00384,248,51,6,88
SKU00385,121,19,8,86
SKU00386,267,40,3,32
SKU00387,425,5,7,34
SKU00388,103,46,9,78
SKU00389,58,98,6,90
SKU00390,428,34,4,91
SKU00391,194,87,5,61
SKU00392,276,12,10,97
SKU00393,447,97,13,85
SKU00394,372,91,11,96
SKU00395,458,97,12,38
SKU00396,89,24,7,40
SKU00397,492,97,10,67
SKU00398,377,4,12,47
SKU00399,86,59,7,69
SKU00400,350,95,5,87
SKU00401,372,55,10,69
SKU00402,396,76,3,35
SKU00403,265,18,10,88
SKU00404,108,47,11,42
SKU00405,412,44,11,82
SKU00406,219,99,13,67
SKU00407,237,6,7,74
SKU00408,363,30,9,71
SKU00409,443,31,13,82
SKU00410,207,38,4,31
SKU00411,255,76,9,95
SKU00412,273,12,13,46
SKU00413,409,94,4,89
SKU00414,497,87,5,99
SKU00415,463,70,12,92
SKU00416,461,59,7,51
SKU00417,245,19,6,97
SKU00418,268,63,3,41
SKU00419,455,16,12,94
SKU00420,71,89,10,79
SKU00421,319,63,6,81
SKU00422,430,75,9,58
SKU00423,444,32,8,61
SKU00424,484,74,12,55
SKU00425,479,97,6,42
SKU00426,88,14,9,58
SKU00427,206,74,6,61
SKU00428,179,46,6,51
SKU00429,76,66,3,85
SKU00430,141,92,7,76
SKU00431,406,58,6,35
SKU00432,196,56,7,32
SKU00433,306,57,8,44
SKU00434,211,60,5,93
SKU00435,330,23,4,44
SKU00436,257,26,10,89
SKU00437,479,88,3,82
SKU00438,57,78,13,75
SKU00439,99,70,5,93
SKU00440,477,52,10,89
SKU00441,427,2,6,75
SKU00442,64,24,9,46
SKU00443,431,83,6,38
SKU00444,215,47,11,89
SKU00445,368,85,8,31
SKU00446,393,71,13,93
SKU00447,254,80,10,50
SKU00448,323,93,4,67
SKU00449,81,10,11,62
SKU00450,151,40,10,40
SKU00451,263,50,10,70
SKU00452,450,75,11,75
SKU00453,209,78,8,49
SKU00454,210,73,10,61
SKU00455,291,96,4,62
SKU00456,282,76,3,55
SKU00457,455,65,8,75
SKU00458,171,14,4,73
SKU00459,354,74,5,35
SKU00460,58,5,11,61
SKU00461,90,75,10,79
SKU00462,397,61,6,91
SKU00463,160,6,13,33
SKU00464,439,57,8,55
SKU00465,432,2,11,89
SKU00466,411,13,13,41
SKU00467,136,11,11,74
SKU00468,292,18,9,74
SKU00469,441,92,9,82
SKU00470,232,31,5,73
SKU00471,131,69,4,51
SKU00472,86,95,10,88
SKU00473,180,27,12,64
SKU00474,494,92,8,92
SKU00475,256,96,9,78
SKU00476,399,84,12,90
SKU00477,73,19,7,33
SKU00478,269,19,10,79
SKU00479,226,50,11,65
SKU00480,299,97,6,95
SKU00481,384,33,6,35
SKU00482,344,41,5,87
SKU00483,295,11,5,47
SKU00484,89,20,3,55
SKU00485,57,99,9,71
SKU00486,477,13,4,66
SKU00487,374,37,11,91
SKU00488,365,13,10,31
SKU00489,280,69,3,57
SKU00490,115,34,7,34
SKU00491,498,39,10,65
SKU00492,350,22,13,39
SKU00493,244,13,12,39
SKU00494,381,93,11,30
SKU00495,182,19,10,72
SKU00496,50,56,8,57
SKU00497,170,36,7,66
SKU00498,354,43,10,57
SKU00499,416,78,8,90
SKU00500,453,77,4,66
SKU00501,69,25,3,64
SKU00502,247,58,7,62
SKU00503,228,77,12,49
SKU00504,230,87,13,72
SKU00505,175,97,11,79
SKU00506,334,56,9,85
SKU00507,476,49,9,73
SKU00508,343,83,9,74
SKU00509,357,79,4,37
SKU00510,390,0,9,37
SKU00511,206,95,8,34
SKU00512,135,46,4,94
SKU00513,360,89,13,59
SKU00514,163,81,3,55
SKU00515,185,46,10,75
SKU00516,338,0,5,60
SKU00517,191,52,7,91
SKU00518,269,65,4,93
SKU00519,112,72,3,70
SKU00520,138,47,11,60
SKU00521,373,97,8,33
SKU00522,151,18,8,42
SKU00523,328,82,13,30
SKU00524,393,53,9,44
SKU00525,114,75,12,44
SKU00526,454,18,11,62
SKU00527,354,95,3,64
SKU00528,477,89,13,95
SKU00529,479,8,5,55
SKU00530,377,47,4,99
SKU00531,461,92,12,54
SKU00532,61,4,4,77
SKU00533,342,78,6,44
SKU00534,92,47,9,99
SKU00535,351,42,7,52
SKU00536,156,79,7,44
SKU00537,330,35,13,80
SKU00538,320,67,7,42
SKU00539,324,33,6,81
SKU00540,76,28,5,37
SKU00541,193,35,4,31
SKU00542,482,76,6,36
SKU00543,400,73,9,42
SKU00544,208,70,10,71
SKU00545,494,41,10,65
SKU00546,133,67,8,36
SKU00547,359,0,10,74
SKU00548,411,46,13,42
SKU00549,424,21,8,50
SKU00550,263,91,11,55
SKU00551,58,14,12,71
SKU00552,121,23,3,55
SKU00553,396,36,6,79
SKU00554,201,18,6,89
SKU00555,216,73,11,47
SKU00556,452,35,12,84
SKU00557,291,68,3,62
SKU00558,168,20,3,51
SKU00559,481,36,5,61
SKU00560,60,9,11,86
SKU00561,303,24,4,93
SKU00562,340,6,7,47
SKU00563,372,41,8,68
SKU00564,474,74,9,53
SKU00565,237,45,5,97
SKU00566,267,41,9,65
SKU00567,281,96,6,32
SKU00568,122,7,3,99
SKU00569,474,67,3,89
SKU00570,179,59,7,73
SKU00571,76,31,7,37
SKU00572,279,71,4,96
SKU00573,349,57,5,99
SKU00574,179,86,4,64
SKU00575,403,86,6,37
SKU00576,199,43,12,65
SKU00577,382,92,11,84
SKU00578,257,61,11,84
SKU00579,449,11,3,45
SKU00580,445,7,6,32
SKU00581,193,29,9,34
SKU00582,409,64,11,59
SKU00583,198,83,8,51
SKU00584,280,31,3,45
SKU00585,87,97,6,52
SKU00586,163,65,11,31
SKU00587,298,72,3,96
SKU00588,229,61,9,55
SKU00589,245,81,9,35
SKU00590,468,21,13,44
SKU00591,391,59,7,41
SKU00592,288,48,12,67
SKU00593,131,44,5,59
SKU00594,265,29,8,96
SKU00595,385,6,6,43
SKU00596,122,14,7,64
SKU00597,115,90,4,64
SKU00598,255,19,4,39
SKU00599,74,65,11,83
SKU00600,338,35,3,83
SKU00601,287,51,5,70
SKU00602,439,24,7,37
SKU00603,454,97,6,54
SKU00604,128,67,6,47
SKU00605,365,62,8,61
SKU00606,398,42,4,89
SKU00607,200,82,5,34
SKU00608,467,9,11,31
SKU00609,431,10,4,60
SKU00610,105,78,11,38
SKU00611,148,20,11,57
SKU00612,239,6,3,33
SKU00613,309,39,3,81
SKU00614,270,51,6,67
SKU00615,280,49,7,92
SKU00616,111,98,9,56
SKU00617,141,85,9,34
SKU00618,232,1,13,50
SKU00619,295,78,7,39
SKU00620,363,38,7,94
SKU00621,62,84,12,82
SKU00622,387,44,6,89
SKU00623,444,62,7,81
SKU00624,305,54,7,55
SKU00625,245,33,6,81
SKU00626,462,37,12,50
SKU00627,91,12,3,93
SKU00628,66,8,11,30
SKU00629,179,59,3,39
SKU00630,291,57,10,50
SKU00631,333,74,9,63
SKU00632,313,58,8,78
SKU00633,128,16,9,74
SKU00634,118,31,3,37
SKU00635,382,71,11,72
SKU00636,434,50,10,53
SKU00637,66,4,6,50
SKU00638,281,57,6,40
SKU00639,485,14,5,36
SKU00640,77,50,13,87
SKU00641,310,4,8,37
SKU00642,369,9,8,37
SKU00643,305,24,11,95
SKU00644,483,66,3,65
SKU00645,431,67,11,70
SKU00646,266,61,4,39
SKU00647,198,35,13,31
SKU00648,423,12,7,61
SKU00649,400,15,4,40
SKU00650,59,14,3,69
SKU00651,451,54,11,54
SKU00652,364,77,12,51
SKU00653,463,83,7,73
SKU00654,337,50,3,50
SKU00655,171,31,9,68
SKU00656,317,46,4,50
SKU00657,446,20,10,75
SKU00658,409,6,9,51
SKU00659,284,88,8,58
SKU00660,318,81,4,58
SKU00661,262,78,6,56
SKU00662,99,94,5,52
SKU00663,137,43,8,72
SKU00664,470,60,3,85
SKU00665,52,62,8,48
SKU00666,72,28,9,54
SKU00667,177,7,12,87
SKU00668,193,71,3,34
SKU00669,52,64,6,93
SKU00670,411,97,13,39
SKU00671,454,45,9,56
SKU00672,115,40,11,65
SKU00673,135,89,12,83
SKU00674,61,80,11,63
SKU00675,486,19,13,45
SKU00676,292,94,9,99
SKU00677,361,82,7,87
SKU00678,181,3,6,39
SKU00679,73,98,12,66
SKU00680,279,84,8,50
SKU00681,251,37,6,89
SKU00682,106,44,6,46
SKU00683,168,70,6,43
SKU00684,52,87,7,87
SKU00685,104,3,10,53
SKU00686,211,29,4,48
SKU00687,208,59,5,78
SKU00688,368,82,8,53
SKU00689,158,75,12,60
SKU00690,405,63,5,77
SKU00691,222,99,9,84
SKU00692,195,62,6,76
SKU00693,362,44,3,46
SKU00694,247,3,6,76
SKU00695,448,69,13,38
SKU00696,139,15,7,90
SKU00697,187,49,5,99
SKU00698,386,50,7,48
SKU00699,475,34,12,98
SKU00700,398,63,7,78
SKU00701,454,73,7,99
SKU00702,139,3,9,68
SKU00703,468,0,10,86
SKU00704,149,69,11,83
SKU00705,223,59,11,60
SKU00706,133,23,11,65
SKU00707,262,29,10,59
SKU00708,391,91,9,64
SKU00709,488,91,10,39
SKU00710,385,15,8,99
SKU00711,93,72,6,85
SKU00712,156,83,4,86
SKU00713,70,67,4,62
SKU00714,56,69,4,61
SKU00715,297,74,6,44
SKU00716,481,70,7,71
SKU00717,203,13,11,66
SKU00718,363,20,4,98
SKU00719,180,86,12,66
SKU00720,354,18,5,41
SKU00721,494,40,3,79
SKU00722,166,67,12,62
SKU00723,130,23,4,57
SKU00724,491,42,11,68
SKU00725,135,48,3,99
SKU00726,247,97,3,34
SKU00727,51,21,11,95
SKU00728,379,97,5,68
SKU00729,135,75,10,69
SKU00730,343,59,13,39
SKU00731,148,63,5,92
SKU00732,98,63,9,50
SKU00733,69,25,6,44
SKU00734,425,84,8,43
SKU00735,460,39,12,57
SKU00736,75,62,4,54
SKU00737,297,2,10,73
SKU00738,146,41,6,35
SKU00739,216,51,9,79
SKU00740,476,18,7,80
SKU00741,316,11,12,37
SKU00742,457,91,11,65
SKU00743,134,71,9,38
SKU00744,96,14,10,71
SKU00745,365,83,8,41
SKU00746,435,6,5,32
SKU00747,332,39,8,62
SKU00748,269,0,9,37
SKU00749,150,31,13,33
SKU00750,415,18,11,41
SKU00751,444,45,9,45
SKU00752,178,62,9,50
SKU00753,207,12,4,33
SKU00754,461,94,13,56
SKU00755,374,24,5,97
SKU00756,330,19,4,55
SKU00757,431,4,5,90
SKU00758,314,49,8,89
SKU00759,477,10,4,76
SKU00760,413,72,7,32
SKU00761,125,91,12,50
SKU00762,205,89,3,64
SKU00763,229,33,11,80
SKU00764,480,81,12,86
SKU00765,328,47,8,46
SKU00766,374,10,13,64
SKU00767,338,83,4,95
SKU00768,473,27,9,99
SKU00769,250,19,3,92
SKU00770,116,3,12,54
SKU00771,352,37,7,86
SKU00772,166,52,6,43
SKU00773,450,38,11,35
SKU00774,300,90,9,88
SKU00775,140,97,10,75
SKU00776,87,13,6,91
SKU00777,84,18,13,54
SKU00778,473,87,12,51
SKU00779,481,82,5,32
SKU00780,475,18,11,57
SKU00781,222,70,11,48
SKU00782,480,13,10,67
SKU00783,486,60,6,69
SKU00784,335,8,3,81
SKU00785,138,13,13,82
SKU00786,276,58,11,97
SKU00787,117,91,10,31
SKU00788,410,85,11,84
SKU00789,65,92,3,77
SKU00790,207,11,5,40
SKU00791,113,49,7,50
SKU00792,374,47,6,96
SKU00793,221,32,7,90
SKU00794,442,67,5,94
SKU00795,57,44,9,76
SKU00796,473,75,8,75
SKU00797,96,14,11,48
SKU00798,75,51,8,50
SKU00799,356,37,6,58
SKU00800,228,3,9,57
SKU00801,309,21,5,95
SKU00802,211,90,9,30
SKU00803,121,86,8,35
SKU00804,263,24,4,46
SKU00805,110,11,8,56
SKU00806,185,82,12,94
SKU00807,490,92,3,69
SKU00808,191,34,6,85
SKU00809,226,12,8,78
SKU00810,351,61,10,72
SKU00811,453,96,12,68
SKU00812,390,48,12,83
SKU00813,431,8,10,66
SKU00814,354,40,3,50
SKU00815,356,58,9,84
SKU00816,90,38,13,48
SKU00817,444,76,3,69
SKU00818,157,18,10,90
SKU00819,158,11,3,74
SKU00820,139,91,12,98
SKU00821,57,24,13,75
SKU00822,392,29,9,78
SKU00823,224,83,4,47
SKU00824,499,67,3,65
SKU00825,131,18,10,44
SKU00826,90,38,4,92
SKU00827,334,73,4,80
SKU00828,380,76,12,43
SKU00829,259,50,8,68
SKU00830,77,2,6,99
SKU00831,204,1,8,32
SKU00832,449,93,10,31
SKU00833,130,40,5,94
SKU00834,360,44,12,91
SKU00835,98,94,11,52
SKU00836,457,37,7,83
SKU00837,156,17,6,74
SKU00838,424,72,7,59
SKU00839,237,97,5,96
SKU00840,205,43,11,92
SKU00841,72,74,12,86
SKU00842,167,99,3,53
SKU00843,216,33,10,57
SKU00844,470,6,6,66
SKU00845,105,64,3,76
SKU00846,197,18,12,89
SKU00847,451,91,5,72
SKU00848,175,10,3,67
SKU00849,113,68,10,63
SKU00850,225,55,8,94
SKU00851,80,3,3,79
SKU00852,374,29,10,88
SKU00853,116,74,6,55
SKU00854,204,45,8,93
SKU00855,283,50,4,35
SKU00856,364,14,7,59
SKU00857,475,36,12,64
SKU00858,136,5,6,47
SKU00859,250,28,13,76
SKU00860,175,16,8,97
SKU00861,118,36,11,78
SKU00862,446,33,8,82
SKU00863,428,86,5,32
SKU00864,91,97,5,75
SKU00865,432,20,13,97
SKU00866,434,91,10,42
SKU00867,160,97,13,80
SKU00868,322,98,4,53
SKU00869,299,18,7,37
SKU00870,333,4,3,65
SKU00871,423,18,13,40
SKU00872,359,44,8,50
SKU00873,295,10,9,34
SKU00874,233,19,11,75
SKU00875,61,69,3,48
SKU00876,203,47,6,99
SKU00877,232,99,8,62
SKU00878,495,87,9,44
SKU00879,460,74,11,80
SKU00880,486,77,13,80
SKU00881,224,3,9,64
SKU00882,97,72,10,74
SKU00883,386,80,3,48
SKU00884,112,37,5,88
SKU00885,374,12,9,51
SKU00886,398,85,13,96
SKU00887,103,9,12,93
SKU00888,175,20,4,70
SKU00889,201,34,10,59
SKU00890,106,93,5,48
SKU00891,419,7,12,59
SKU00892,184,66,3,65
SKU00893,74,36,3,44
SKU00894,86,12,10,37
SKU00895,438,59,11,30
SKU00896,213,34,4,92
SKU00897,153,22,11,63
SKU00898,479,77,6,59
SKU00899,407,74,5,32
SKU00900,447,59,4,74
SKU00901,110,82,13,45
SKU00902,115,39,3,63
SKU00903,283,15,8,89
SKU00904,371,65,12,42
SKU00905,233,30,4,68
SKU00906,441,86,10,84
SKU00907,76,92,9,82
SKU00908,344,64,3,59
SKU00909,486,12,7,48
SKU00910,102,18,11,54
SKU00911,263,30,3,84
SKU00912,72,31,12,39
SKU00913,103,51,6,61
SKU00914,419,13,4,57
SKU00915,415,52,10,51
SKU00916,79,62,6,88
SKU00917,313,81,9,60
SKU00918,339,81,10,78
SKU00919,128,56,3,55
SKU00920,323,95,8,67
SKU00921,258,86,10,79
SKU00922,313,40,8,98
SKU00923,477,63,13,94
SKU00924,156,18,11,56
SKU00925,211,43,6,44
SKU00926,356,12,5,78
SKU00927,247,55,5,66
SKU00928,450,57,9,58
SKU00929,466,59,13,84
SKU00930,443,46,9,50
SKU00931,284,12,7,62
SKU00932,73,10,3,97
SKU00933,480,24,11,50
SKU00934,389,82,5,41
SKU00935,342,41,3,77
SKU00936,408,27,11,76
SKU00937,195,77,5,42
SKU00938,259,12,6,60
SKU00939,435,15,11,67
SKU00940,359,55,8,74
SKU00941,286,33,11,37
SKU00942,312,35,4,32
SKU00943,77,69,7,57
SKU00944,359,53,3,50
SKU00945,301,98,11,78
SKU00946,167,53,12,82
SKU00947,93,46,7,75
SKU00948,62,36,8,53
SKU00949,307,85,3,43
SKU00950,187,34,11,32
SKU00951,160,16,8,53
SKU00952,78,42,11,89
SKU00953,395,64,6,57
SKU00954,321,46,3,87
SKU00955,332,52,12,88
SKU00956,224,93,11,63
SKU00957,470,5,9,54
SKU00958,82,54,12,36
SKU00959,293,56,13,36
SKU00960,277,50,11,61
SKU00961,380,7,3,74
SKU00962,263,58,6,96
SKU00963,462,28,4,57
SKU00964,254,78,9,73
SKU00965,267,3,12,38
SKU00966,168,4,10,79
SKU00967,380,14,8,46
SKU00968,108,89,9,86
SKU00969,75,24,12,74
SKU00970,388,10,7,97
SKU00971,400,27,13,94
SKU00972,98,46,6,83
SKU00973,237,56,11,75
SKU00974,291,25,3,34
SKU00975,133,51,11,83
SKU00976,210,49,8,56
SKU00977,275,14,12,50
SKU00978,95,68,8,67
SKU00979,111,85,4,75
SKU00980,446,94,5,35
SKU00981,142,7,13,62
SKU00982,258,74,4,40
SKU00983,400,27,8,70
SKU00984,321,67,5,77
SKU00985,233,63,13,91
SKU00986,381,10,7,47
SKU00987,68,86,9,55
SKU00988,439,3,5,58
SKU00989,108,97,3,72
SKU00990,294,79,4,63
SKU00991,296,7,12,37
SKU00992,401,99,3,72
SKU00993,88,80,13,73
SKU00994,186,36,12,65
SKU00995,150,91,12,72
SKU00996,265,41,10,95
SKU00997,104,71,13,51
SKU00998,150,26,11,96
SKU00999,413,12,12,38
SKU01000,487,26,4,30
SKU01001,209,88,9,96
SKU01002,453,93,5,46
SKU01003,323,44,6,82
SKU01004,140,81,6,94
SKU01005,163,0,12,55
SKU01006,414,19,6,39
SKU01007,364,74,11,34
SKU01008,427,64,3,51
SKU01009,403,40,6,98
SKU01010,305,10,10,80
SKU01011,198,98,12,48
SKU01012,158,59,9,76
SKU01013,376,25,10,34
SKU01014,454,77,6,52
SKU01015,411,83,4,37
SKU01016,90,18,9,75
SKU01017,461,90,6,44
SKU01018,470,0,5,53
SKU01019,332,39,6,53
SKU01020,73,3,5,63
SKU01021,490,48,9,82
SKU01022,297,22,7,82
SKU01023,367,40,11,89
SKU01024,103,69,7,86
SKU01025,187,39,9,67
SKU01026,134,60,6,32
SKU01027,433,50,8,76
SKU01028,381,37,5,65
SKU01029,288,40,7,42
SKU01030,392,57,4,59
SKU01031,239,24,13,80
SKU01032,255,56,13,76
SKU01033,423,99,9,45
SKU01034,71,84,8,50
SKU01035,290,15,13,60
SKU01036,475,73,13,63
SKU01037,304,8,3,40
SKU01038,59,85,11,46
SKU01039,373,47,6,54
SKU01040,172,20,7,94
SKU01041,240,88,5,65
SKU01042,130,87,4,44
SKU01043,145,38,13,99
SKU01044,50,22,12,68
SKU01045,175,56,3,63
SKU01046,300,40,11,42
SKU01047,119,5,6,81
SKU01048,294,2,3,92
SKU01049,98,75,9,93
SKU01050,114,80,5,44
SKU01051,149,31,6,47
SKU01052,418,82,13,64
SKU01053,127,57,3,43
SKU01054,211,60,9,33
SKU01055,265,58,5,35
SKU01056,426,96,3,69
SKU01057,388,64,7,56
SKU01058,385,5,10,42
SKU01059,289,63,5,48
SKU01060,253,79,13,72
SKU01061,138,19,6,73
SKU01062,200,1,10,51
SKU01063,420,56,7,36
SKU01064,255,55,9,96
SKU01065,163,15,9,80
SKU01066,259,79,10,41
SKU01067,175,52,13,34
SKU01068,332,11,3,35
SKU01069,146,4,11,57
SKU01070,383,68,8,88
SKU01071,82,61,4,48
SKU01072,263,68,13,95
SKU01073,96,38,6,62
SKU01074,190,83,8,36
SKU01075,128,86,9,48
SKU01076,177,53,10,49
SKU01077,78,23,4,92
SKU01078,251,56,10,91
SKU01079,206,73,3,95
SKU01080,55,57,7,57
SKU01081,367,40,7,70
SKU01082,482,90,3,32
SKU01083,315,97,11,64
SKU01084,257,1,10,67
SKU01085,71,25,13,84
SKU01086,344,90,8,49
SKU01087,90,53,6,48
SKU01088,133,98,4,59
SKU01089,358,33,8,96
SKU01090,183,78,13,39
SKU01091,122,96,8,88
SKU01092,149,58,4,58
SKU01093,114,82,12,39
SKU01094,358,78,13,51
SKU01095,484,47,7,51
SKU01096,405,97,11,57
SKU01097,498,44,6,36
SKU01098,354,8,6,30
SKU01099,187,35,11,75
SKU01100,155,31,8,77
SKU01101,215,16,12,56
SKU01102,103,49,5,54
SKU01103,461,14,6,56
SKU01104,459,18,10,46
SKU01105,92,40,12,79
SKU01106,261,39,9,52
SKU01107,160,95,6,76
SKU01108,112,96,11,98
SKU01109,348,47,4,69
SKU01110,252,60,4,96
SKU01111,367,57,3,45
SKU01112,387,93,9,39
SKU01113,387,37,5,65
SKU01114,492,62,10,75
SKU01115,436,73,8,94
SKU01116,425,90,10,80
SKU01117,258,72,8,68
SKU01118,418,59,3,83
SKU01119,86,8,4,85
SKU01120,236,84,4,90
SKU01121,107,59,8,69
SKU01122,469,36,4,92
SKU01123,199,10,12,86
SKU01124,254,3,8,36
SKU01125,110,53,10,97
SKU01126,256,0,9,32
SKU01127,471,0,8,67
SKU01128,390,28,7,50
SKU01129,291,70,5,76
SKU01130,133,82,5,97
SKU01131,118,0,6,41
SKU01132,493,26,10,52
SKU01133,202,20,12,81
SKU01134,393,24,9,75
SKU01135,81,54,7,65
SKU01136,159,48,12,87
SKU01137,344,79,3,90
SKU01138,186,5,5,64
SKU01139,88,21,11,34
SKU01140,475,86,3,96
SKU01141,463,56,8,58
SKU01142,288,36,9,42
SKU01143,209,45,6,52
SKU01144,94,16,9,95
SKU01145,183,17,8,62
SKU01146,463,80,13,61
SKU01147,475,77,12,39
SKU01148,164,35,4,57
SKU01149,60,77,9,76
SKU01150,295,18,8,44
SKU01151,431,27,10,38
SKU01152,224,32,3,48
SKU01153,244,73,10,76
SKU01154,498,28,4,42
SKU01155,295,0,4,77
SKU01156,288,76,3,93
SKU01157,366,28,9,55
SKU01158,66,70,7,55
SKU01159,354,66,9,87
SKU01160,354,52,3,91
SKU01161,66,42,11,32
SKU01162,256,28,7,61
SKU01163,331,15,11,83
SKU01164,205,72,10,85
SKU01165,370,92,11,70
SKU01166,413,50,8,58
SKU01167,388,18,4,70
SKU01168,478,14,5,40
SKU01169,230,45,11,47
SKU01170,484,47,4,37
SKU01171,71,5,11,65
SKU01172,384,91,6,86
SKU01173,98,44,4,95
SKU01174,382,44,8,49
SKU01175,497,92,13,96
SKU01176,388,2,8,93
SKU01177,89,58,9,91
SKU01178,181,59,6,59
SKU01179,284,1,3,38
SKU01180,397,30,4,90
SKU01181,256,47,11,65
SKU01182,185,72,12,87
SKU01183,406,44,9,87
SKU01184,258,98,7,93
SKU01185,93,28,13,38
SKU01186,432,91,8,58
SKU01187,491,16,9,32
SKU01188,326,63,12,65
SKU01189,294,85,12,71
SKU01190,494,12,13,83
SKU01191,65,7,10,88
SKU01192,362,39,13,31
SKU01193,143,93,12,73
SKU01194,444,78,3,31
SKU01195,227,11,5,52
SKU01196,195,61,3,91
SKU01197,343,66,8,96
SKU01198,271,60,3,74
SKU01199,205,20,12,42
SKU01200,460,99,9,51
SKU01201,123,52,6,52
SKU01202,424,69,10,62
SKU01203,77,7,3,66
SKU01204,112,21,8,50
SKU01205,145,34,7,89
SKU01206,169,45,4,77
SKU01207,439,88,10,88
SKU01208,281,28,9,47
SKU01209,307,7,13,83
SKU01210,430,37,13,49
SKU01211,189,42,13,90
SKU01212,414,90,5,44
SKU01213,449,12,3,64
SKU01214,236,20,5,83
SKU01215,463,47,7,64
SKU01216,135,37,10,78
SKU01217,405,31,9,87
SKU01218,404,2,7,39
SKU01219,388,24,6,90
SKU01220,78,18,13,95
SKU01221,123,60,13,54
SKU01222,325,47,5,53
SKU01223,188,97,9,57
SKU01224,246,62,13,34
SKU01225,100,20,4,33
SKU01226,295,41,6,67
SKU01227,458,13,13,61
SKU01228,444,60,4,56
SKU01229,104,53,4,50
SKU01230,477,4,9,70
SKU01231,108,88,11,83
SKU01232,455,82,3,93
SKU01233,376,3,3,44
SKU01234,153,75,8,76
SKU01235,258,92,4,49
SKU01236,483,32,9,88
SKU01237,92,78,10,49
SKU01238,271,37,5,57
SKU01239,233,89,4,66
SKU01240,482,65,6,83
SKU01241,75,74,10,69
SKU01242,348,21,6,37
SKU01243,78,39,12,59
SKU01244,258,83,6,84
SKU01245,193,45,13,36
SKU01246,94,58,10,77
SKU01247,204,52,9,64
SKU01248,228,83,7,86
SKU01249,313,78,7,49
SKU01250,429,52,9,41
SKU01251,482,16,12,58
SKU01252,452,10,4,79
SKU01253,120,57,4,49
SKU01254,99,87,12,61
SKU01255,101,14,7,32
SKU01256,342,39,10,69
SKU01257,285,55,9,40
SKU01258,159,63,10,85
SKU01259,109,9,9,57
SKU01260,98,35,6,55
SKU01261,135,3,4,93
SKU01262,215,87,10,51
SKU01263,179,30,9,40
SKU01264,351,95,7,93
SKU01265,315,39,10,73
SKU01266,161,59,9,46
SKU01267,114,94,12,86
SKU01268,488,52,10,38
SKU01269,327,12,11,77
SKU01270,67,75,10,46
SKU01271,448,14,9,68
SKU01272,62,80,11,69
SKU01273,197,89,13,92
SKU01274,381,43,8,89
SKU01275,376,98,4,45
SKU01276,488,38,6,88
SKU01277,394,95,10,42
SKU01278,414,80,3,35
SKU01279,126,59,12,43
SKU01280,144,53,6,68
SKU01281,121,24,13,92
SKU01282,471,91,7,96
SKU01283,461,2,8,51
SKU01284,145,37,10,91
SKU01285,234,5,5,39
SKU01286,436,58,3,88
SKU01287,336,92,7,91
SKU01288,357,88,11,60
SKU01289,303,84,12,51
SKU01290,437,12,12,78
SKU01291,325,76,3,83
SKU01292,469,96,3,44
SKU01293,322,23,12,52
SKU01294,223,71,10,88
SKU01295,160,58,9,57
SKU01296,238,15,9,31
SKU01297,295,81,3,59
SKU01298,408,12,4,42
SKU01299,220,84,7,84
SKU01300,386,39,5,44
SKU01301,250,51,12,82
SKU01302,433,51,3,86
SKU01303,357,8,8,30
SKU01304,93,98,13,38
SKU01305,337,14,3,86
SKU01306,441,71,13,91
SKU01307,317,64,13,71
SKU01308,239,10,9,72
SKU01309,400,16,3,61
SKU01310,270,84,7,69
SKU01311,456,55,8,79
SKU01312,151,36,5,83
SKU01313,249,48,5,40
SKU01314,393,48,7,95
SKU01315,112,82,9,57
SKU01316,322,5,5,85
SKU01317,77,65,8,66
SKU01318,420,67,8,78
SKU01319,348,35,12,42
SKU01320,357,57,3,89
SKU01321,132,57,5,85
SKU01322,333,0,12,77
SKU01323,345,96,10,33
SKU01324,471,26,11,45
SKU01325,233,75,10,43
SKU01326,286,24,4,96
SKU01327,299,23,8,55
SKU01328,453,63,10,39
SKU01329,260,66,10,34
SKU01330,244,57,13,44
SKU01331,212,75,11,82
SKU01332,93,25,4,79
SKU01333,389,11,9,33
SKU01334,136,47,9,30
SKU01335,295,88,4,59
SKU01336,436,20,11,78
SKU01337,165,85,7,91
SKU01338,421,37,12,81
SKU01339,351,24,7,34
SKU01340,119,46,9,97
SKU01341,140,17,7,52
SKU01342,241,66,10,39
SKU01343,394,51,3,90
SKU01344,241,4,12,82
SKU01345,360,36,10,88
SKU01346,286,92,7,88
SKU01347,289,1,3,89
SKU01348,356,29,13,68
SKU01349,139,76,13,92
SKU01350,497,60,8,87
SKU01351,233,33,9,60
SKU01352,101,88,3,84
SKU01353,327,39,7,30
SKU01354,370,62,12,83
SKU01355,475,20,3,51
SKU01356,215,98,10,91
SKU01357,224,16,3,42
SKU01358,194,37,3,74
SKU01359,311,34,10,90
SKU01360,192,53,13,42
SKU01361,290,30,7,64
SKU01362,109,5,7,87
SKU01363,354,22,11,63
SKU01364,75,46,7,49
SKU01365,439,69,13,93
SKU01366,291,17,6,46
SKU01367,298,13,9,73
SKU01368,424,14,5,92
SKU01369,288,34,3,64
SKU01370,452,19,6,64
SKU01371,465,47,10,53
SKU01372,366,16,9,79
SKU01373,114,98,6,42
SKU01374,363,13,7,97
SKU01375,345,58,6,74
SKU01376,395,27,4,60
SKU01377,308,7,10,44
SKU01378,220,30,11,74
SKU01379,499,7,9,86
SKU01380,335,73,8,47
SKU01381,419,68,7,68
SKU01382,109,97,13,74
SKU01383,200,68,8,85
SKU01384,171,3,9,35
SKU01385,337,17,10,35
SKU01386,161,62,5,40
SKU01387,348,16,6,92
SKU01388,386,40,5,34
SKU01389,465,85,10,99
SKU01390,340,21,3,51
SKU01391,417,10,13,32
SKU01392,442,59,9,43
SKU01393,274,17,3,52
SKU01394,251,82,7,76
SKU01395,421,86,11,57
SKU01396,286,24,12,87
SKU01397,143,40,11,77
SKU01398,275,9,5,40
SKU01399,134,20,8,74
SKU01400,440,80,4,71
SKU01401,103,74,3,47
SKU01402,236,89,8,86
SKU01403,413,46,12,89
SKU01404,382,3,9,31
SKU01405,364,26,13,36
SKU01406,240,45,10,41
SKU01407,190,42,3,92
SKU01408,302,80,10,65
SKU01409,57,68,12,65
SKU01410,333,92,7,59
SKU01411,200,15,12,81
SKU01412,173,36,5,44
SKU01413,277,46,6,48
SKU01414,155,20,7,56
SKU01415,360,28,6,54
SKU01416,375,62,6,31
SKU01417,455,95,4,98
SKU01418,487,99,5,63
SKU01419,190,42,8,51
SKU01420,229,51,6,48
SKU01421,87,69,6,86
SKU01422,197,8,6,79
SKU01423,387,4,6,66
SKU01424,327,57,6,73
SKU01425,339,76,12,38
SKU01426,155,94,9,97
SKU01427,196,93,5,86
SKU01428,390,60,5,82
SKU01429,337,65,13,39
SKU01430,179,65,10,46
SKU01431,401,15,9,60
SKU01432,156,87,3,40
SKU01433,424,84,6,55
SKU01434,416,49,3,94
SKU01435,96,91,7,31
SKU01436,155,23,6,48
SKU01437,459,74,10,79
SKU01438,220,74,5,41
SKU01439,244,26,3,83
SKU01440,499,48,4,89
SKU01441,231,29,6,67
SKU01442,333,24,12,89
SKU01443,347,39,3,71
SKU01444,352,36,8,51
SKU01445,234,83,4,56
SKU01446,90,79,4,61
SKU01447,138,65,10,39
SKU01448,401,97,6,68
SKU01449,109,65,3,80
SKU01450,173,35,10,56
SKU01451,435,30,11,95
SKU01452,334,14,7,57
SKU01453,389,23,7,39
SKU01454,159,77,7,47
SKU01455,265,13,4,87
SKU01456,381,21,10,99
SKU01457,85,44,6,51
SKU01458,255,79,6,85
SKU01459,266,95,3,74
SKU01460,213,19,4,67
SKU01461,244,22,13,45
SKU01462,236,68,6,50
SKU01463,153,77,9,99
SKU01464,445,15,3,43
SKU01465,366,70,3,70
SKU01466,359,43,4,34
SKU01467,158,26,6,72
SKU01468,402,30,5,46
SKU01469,132,53,9,61
SKU01470,473,12,13,64
SKU01471,182,72,8,54
SKU01472,144,21,4,74
SKU01473,374,90,11,30
SKU01474,261,43,9,68
SKU01475,103,87,13,58
SKU01476,103,89,5,49
SKU01477,95,66,3,87
SKU01478,486,0,3,95
SKU01479,462,83,8,37
SKU01480,78,50,3,32
SKU01481,237,34,7,49
SKU01482,122,38,6,48
SKU01483,151,90,13,42
SKU01484,446,59,11,81
SKU01485,160,52,8,72
SKU01486,260,71,6,71
SKU01487,395,25,9,72
SKU01488,126,27,11,49
SKU01489,489,82,9,80
SKU01490,317,78,9,40
SKU01491,203,41,13,40
SKU01492,343,97,13,48
SKU01493,497,5,6,71
SKU01494,269,64,5,88
SKU01495,101,46,10,36
SKU01496,316,60,6,54
SKU01497,445,25,8,41
SKU01498,476,50,7,66
SKU01499,95,52,10,42
SKU01500,138,53,11,33
SKU01501,124,95,3,36
SKU01502,415,10,8,74
SKU01503,328,27,13,86
SKU01504,75,24,8,58
SKU01505,402,35,5,59
SKU01506,397,16,5,59
SKU01507,142,44,10,80
SKU01508,407,46,7,93
SKU01509,295,37,9,36
SKU01510,327,80,4,70
SKU01511,379,9,11,36
SKU01512,430,49,8,81
SKU01513,210,0,7,89
SKU01514,467,3,3,33
SKU01515,476,89,6,30
SKU01516,120,93,4,90
SKU01517,340,7,10,65
SKU01518,483,42,13,61
SKU01519,383,17,5,76
SKU01520,300,58,6,66
SKU01521,66,38,12,77
SKU01522,88,3,8,95
SKU01523,157,11,6,47
SKU01524,139,52,9,30
SKU01525,432,57,12,35
SKU01526,119,43,10,53
SKU01527,135,18,7,47
SKU01528,144,29,11,71
SKU01529,82,73,7,41
SKU01530,167,93,13,68
SKU01531,442,20,9,58
SKU01532,210,61,7,44
SKU01533,307,51,9,73
SKU01534,487,17,5,36
SKU01535,220,81,8,66
SKU01536,235,32,13,40
SKU01537,117,81,6,51
SKU01538,499,43,8,71
SKU01539,74,56,7,84
SKU01540,300,15,9,57
SKU01541,273,91,5,78
SKU01542,314,57,8,61
SKU01543,264,68,12,82
SKU01544,492,73,13,68
SKU01545,427,14,9,58
SKU01546,172,2,5,39
SKU01547,397,28,5,35
SKU01548,445,37,5,96
SKU01549,441,7,9,76
SKU01550,437,50,7,96
SKU01551,94,7,9,45
SKU01552,382,66,11,89
SKU01553,383,76,7,44
SKU01554,376,97,11,51
SKU01555,457,43,3,39
SKU01556,257,71,10,79
SKU01557,61,88,3,89
SKU01558,203,77,11,65
SKU01559,426,22,13,35
SKU01560,476,24,4,91
SKU01561,190,42,4,88
SKU01562,493,62,11,80
SKU01563,105,26,11,97
SKU01564,351,97,5,55
SKU01565,441,5,10,77
SKU01566,143,44,7,54
SKU01567,197,81,4,95
SKU01568,350,46,4,84
SKU01569,252,18,5,82
SKU01570,75,13,8,74
SKU01571,477,87,11,94
SKU01572,100,42,9,52
SKU01573,489,18,4,84
SKU01574,269,91,13,62
SKU01575,452,27,13,81
SKU01576,302,48,7,55
SKU01577,148,97,5,69
SKU01578,129,37,9,83
SKU01579,199,15,5,89
SKU01580,222,45,10,84
SKU01581,263,84,12,54
SKU01582,114,5,9,93
SKU01583,392,42,13,52
SKU01584,401,29,13,47
SKU01585,392,78,3,50
SKU01586,362,22,13,74
SKU01587,477,81,10,76
SKU01588,217,50,12,36
SKU01589,99,47,6,35
SKU01590,396,8,7,86
SKU01591,336,20,12,69
SKU01592,161,44,3,49
SKU01593,150,91,3,57
SKU01594,474,65,11,87
SKU01595,346,5,13,67
SKU01596,439,44,13,43
SKU01597,371,39,5,53
SKU01598,68,17,3,64
SKU01599,239,0,6,54
SKU01600,478,48,13,45
SKU01601,275,92,5,52
SKU01602,260,24,8,30
SKU01603,91,18,3,63
SKU01604,385,54,4,63
SKU01605,394,44,8,50
SKU01606,171,69,11,77
SKU01607,88,30,12,39
SKU01608,79,17,10,44
SKU01609,53,62,10,38
SKU01610,158,8,12,33
SKU01611,258,15,5,81
SKU01612,118,4,6,47
SKU01613,160,1,6,71
SKU01614,158,73,11,37
SKU01615,116,62,11,40
SKU01616,148,41,6,42
SKU01617,317,36,12,81
SKU01618,248,1,8,85
SKU01619,109,22,9,69
SKU01620,369,84,9,58
SKU01621,255,89,5,98
SKU01622,272,88,4,49
SKU01623,285,54,3,31
SKU01624,202,12,12,99
SKU01625,244,57,5,93
SKU01626,374,82,8,88
SKU01627,493,82,10,97
SKU01628,64,88,9,64
SKU01629,232,13,3,36
SKU01630,79,82,3,45
SKU01631,160,50,10,71
SKU01632,322,62,9,56
SKU01633,59,33,6,54
SKU01634,55,23,4,35
SKU01635,334,24,9,75
SKU01636,201,74,12,57
SKU01637,436,74,8,90
SKU01638,127,50,12,77
SKU01639,70,53,10,88
SKU01640,377,50,6,88
SKU01641,376,8,3,58
SKU01642,240,71,10,97
SKU01643,84,2,8,36
SKU01644,332,0,13,73
SKU01645,136,40,13,71
SKU01646,422,32,4,92
SKU01647,214,58,3,77
SKU01648,438,47,5,76
SKU01649,495,98,6,43
SKU01650,496,60,3,53
SKU01651,165,22,4,79
SKU01652,255,78,8,56
SKU01653,320,49,6,37
SKU01654,128,2,11,90
SKU01655,465,93,6,42
SKU01656,50,33,11,60
SKU01657,241,24,8,43
SKU01658,441,90,8,31
SKU01659,258,77,11,85
SKU01660,143,92,6,90
SKU01661,294,21,5,45
SKU01662,355,42,3,87
SKU01663,179,3,7,68
SKU01664,399,5,3,98
SKU01665,118,19,5,66
SKU01666,250,68,12,86
SKU01667,371,8,13,93
SKU01668,263,21,4,84
SKU01669,206,37,13,47
SKU01670,376,64,3,30
SKU01671,265,3,6,56
SKU01672,220,58,3,57
SKU01673,155,54,6,89
SKU01674,119,61,4,85
SKU01675,162,12,10,47
SKU01676,231,76,3,72
SKU01677,344,60,12,47
SKU01678,456,53,5,59
SKU01679,299,97,12,97
SKU01680,372,70,10,47
SKU01681,155,6,10,99
SKU01682,242,67,3,81
SKU01683,419,28,7,38
SKU01684,300,46,12,80
SKU01685,233,50,8,49
SKU01686,460,37,10,94
SKU01687,231,23,9,92
SKU01688,234,54,5,91
SKU01689,335,92,8,58
SKU01690,474,41,4,94
SKU01691,80,29,4,46
SKU01692,343,13,9,85
SKU01693,327,66,10,48
SKU01694,106,43,4,64
SKU01695,163,0,6,99
SKU01696,470,64,5,30
SKU01697,268,20,7,45
SKU01698,428,60,8,69
SKU01699,75,79,3,93
SKU01700,220,16,11,88
SKU01701,72,6,7,63
SKU01702,351,67,9,48
SKU01703,51,9,4,41
SKU01704,375,21,11,30
SKU01705,487,57,8,47
SKU01706,439,44,3,52
SKU01707,72,25,9,73
SKU01708,76,25,3,65
SKU01709,158,54,13,86
SKU01710,118,60,4,84
SKU01711,427,96,9,67
SKU01712,168,79,12,64
SKU01713,128,66,9,58
SKU01714,83,96,11,70
SKU01715,200,70,5,87
SKU01716,81,30,4,72
SKU01717,440,0,6,35
SKU01718,152,9,9,59
SKU01719,277,20,3,92
SKU01720,219,50,10,70
SKU01721,81,14,13,57
SKU01722,258,63,13,87
SKU01723,179,35,4,42
SKU01724,320,88,9,89
SKU01725,327,62,12,54
SKU01726,150,47,13,67
SKU01727,90,44,10,69
SKU01728,415,96,3,86
SKU01729,179,95,11,91
SKU01730,186,67,3,46
SKU01731,166,49,10,87
SKU01732,252,84,7,47
SKU01733,232,28,10,46
SKU01734,323,41,6,74
SKU01735,131,16,11,43
SKU01736,482,28,6,49
SKU01737,425,46,13,38
SKU01738,254,78,13,44
SKU01739,296,18,12,81
SKU01740,75,88,12,55
SKU01741,223,91,3,82
SKU01742,180,65,3,71
SKU01743,324,16,3,78
SKU01744,233,62,5,78
SKU01745,104,25,5,81
SKU01746,405,6,6,45
SKU01747,457,60,8,91
SKU01748,178,48,11,39
SKU01749,167,79,12,58
SKU01750,397,5,6,72
SKU01751,203,89,9,62
SKU01752,75,44,6,92
SKU01753,485,67,12,31
SKU01754,447,29,3,41
SKU01755,267,43,3,42
SKU01756,127,87,4,55
SKU01757,198,27,6,69
SKU01758,115,72,9,52
SKU01759,386,47,4,49
SKU01760,236,45,5,84
SKU01761,317,39,4,45
SKU01762,388,33,8,93
SKU01763,405,21,4,41
SKU01764,229,93,7,80
SKU01765,120,95,5,35
SKU01766,133,26,7,77
SKU01767,184,58,7,40
SKU01768,192,63,5,98
SKU01769,72,52,7,38
SKU01770,320,2,8,46
SKU01771,203,20,10,50
SKU01772,426,10,8,64
SKU01773,168,13,9,43
SKU01774,315,11,8,63
SKU01775,218,9,12,46
SKU01776,194,66,5,30
SKU01777,317,3,12,42
SKU01778,403,84,8,33
SKU01779,387,68,5,31
SKU01780,61,80,12,35
SKU01781,441,50,13,92
SKU01782,490,11,11,31
SKU01783,57,10,7,39
SKU01784,261,7,6,43
SKU01785,289,53,4,50
SKU01786,285,49,9,49
SKU01787,265,86,9,38
SKU01788,178,25,8,67
SKU01789,295,60,8,73
SKU01790,379,61,12,35
SKU01791,194,50,4,67
SKU01792,457,50,12,50
SKU01793,297,69,7,86
SKU01794,431,38,10,62
SKU01795,492,17,10,86
SKU01796,293,95,12,56
SKU01797,123,51,12,61
SKU01798,283,25,11,52
SKU01799,275,56,6,60
SKU01800,113,70,10,62
SKU01801,262,1,4,76
SKU01802,466,97,6,64
SKU01803,484,17,10,59
SKU01804,221,52,12,81
SKU01805,226,10,4,87
SKU01806,267,35,3,76
SKU01807,62,39,11,97
SKU01808,91,18,4,48
SKU01809,491,22,13,83
SKU01810,257,64,10,63
SKU01811,358,7,4,86
SKU01812,161,4,12,59
SKU01813,231,12,5,58
SKU01814,308,89,10,87
SKU01815,299,75,4,57
SKU01816,131,76,7,31
SKU01817,176,6,12,45
SKU01818,200,39,11,61
SKU01819,320,12,7,81
SKU01820,382,40,7,79
SKU01821,192,6,10,57
SKU01822,465,98,6,99
SKU01823,114,3,13,55
SKU01824,494,36,9,69
SKU01825,200,15,6,60
SKU01826,358,24,12,38
SKU01827,61,68,8,83
SKU01828,333,55,5,98
SKU01829,415,97,9,87
SKU01830,127,74,12,67
SKU01831,373,52,3,85
SKU01832,154,71,7,80
SKU01833,123,42,11,44
SKU01834,215,14,7,83
SKU01835,356,9,8,33
SKU01836,400,17,10,65
SKU01837,330,86,4,65
SKU01838,150,66,11,90
SKU01839,358,17,13,64
SKU01840,112,97,11,33
SKU01841,398,40,4,57
SKU01842,219,79,6,98
SKU01843,403,0,9,46
SKU01844,417,90,10,64
SKU01845,223,41,8,68
SKU01846,139,48,8,52
SKU01847,199,3,3,88
SKU01848,373,70,9,31
SKU01849,98,87,10,60
SKU01850,416,39,5,72
SKU01851,147,54,10,78
SKU01852,429,89,11,44
SKU01853,76,67,6,96
SKU01854,263,85,4,78
SKU01855,125,54,7,85
SKU01856,245,94,12,82
SKU01857,133,78,9,57
SKU01858,65,36,7,46
SKU01859,86,76,5,59
SKU01860,94,17,6,81
SKU01861,68,43,9,73
SKU01862,166,67,13,63
SKU01863,243,68,9,39
SKU01864,91,40,9,98
SKU01865,427,9,12,89
SKU01866,177,50,7,37
SKU01867,242,91,3,59
SKU01868,262,48,11,46
SKU01869,118,57,11,91
SKU01870,357,60,10,67
SKU01871,220,62,5,79
SKU01872,210,12,10,91
SKU01873,270,42,3,65
SKU01874,427,9,8,86
SKU01875,434,70,12,50
SKU01876,141,79,10,49
SKU01877,231,24,7,50
SKU01878,67,46,8,86
SKU01879,142,18,3,94
SKU01880,286,2,12,50
SKU01881,276,39,5,54
SKU01882,176,54,6,81
SKU01883,221,97,7,85
SKU01884,488,86,8,95
SKU01885,324,82,10,36
SKU01886,167,62,12,71
SKU01887,364,19,11,46
SKU01888,332,46,4,92
SKU01889,111,99,5,46
SKU01890,374,38,4,68
SKU01891,85,39,6,54
SKU01892,246,29,6,58
SKU01893,245,50,10,43
SKU01894,374,17,12,86
SKU01895,260,11,4,46
SKU01896,335,87,13,52
SKU01897,258,0,11,44
SKU01898,461,23,5,56
SKU01899,260,75,6,94
SKU01900,262,48,3,39
SKU01901,96,58,9,47
SKU01902,417,45,13,47
SKU01903,216,48,4,73
SKU01904,121,53,4,65
SKU01905,451,37,13,38
SKU01906,250,71,5,64
SKU01907,131,4,6,68
SKU01908,497,24,4,51
SKU01909,208,22,6,67
SKU01910,360,67,10,30
SKU01911,184,56,12,34
SKU01912,157,49,12,41
SKU01913,408,17,4,46
SKU01914,245,70,11,63
SKU01915,247,44,12,80
SKU01916,431,33,8,79
SKU01917,406,31,5,32
SKU01918,263,85,12,80
SKU01919,116,75,3,36
SKU01920,318,65,6,39
SKU01921,280,87,3,81
SKU01922,183,82,7,38
SKU01923,268,76,5,50
SKU01924,73,3,10,88
SKU01925,308,67,11,69
SKU01926,225,53,5,85
SKU01927,157,88,10,97
SKU01928,351,77,13,35
SKU01929,322,35,10,31
SKU01930,298,76,6,95
SKU01931,357,91,13,51
SKU01932,416,54,5,89
SKU01933,491,11,10,98
SKU01934,133,38,11,86
SKU01935,230,11,10,86
SKU01936,89,79,5,32
SKU01937,425,4,12,40
SKU01938,431,70,7,85
SKU01939,443,33,5,60
SKU01940,124,70,4,99
SKU01941,346,62,6,86
SKU01942,275,49,11,41
SKU01943,248,38,3,74
SKU01944,444,69,9,99
SKU01945,215,1,8,66
SKU01946,98,51,3,51
SKU01947,163,4,9,47
SKU01948,215,36,5,93
SKU01949,187,78,12,77
SKU01950,349,81,9,45
SKU01951,359,34,4,57
SKU01952,51,93,11,88
SKU01953,374,91,7,74
SKU01954,197,23,13,87
SKU01955,460,25,9,71
SKU01956,96,52,13,67
SKU01957,275,52,12,77
SKU01958,400,18,11,93
SKU01959,398,53,12,80
SKU01960,88,3,5,93
SKU01961,78,10,3,87
SKU01962,252,26,3,50
SKU01963,88,94,8,75
SKU01964,115,90,6,94
SKU01965,496,98,5,60
SKU01966,461,0,11,72
SKU01967,133,66,5,31
SKU01968,259,63,12,98
SKU01969,314,1,4,89
SKU01970,279,60,12,65
SKU01971,134,48,8,78
SKU01972,436,73,7,90
SKU01973,395,25,10,34
SKU01974,303,14,13,45
SKU01975,306,15,7,32
SKU01976,485,46,10,84
SKU01977,284,20,4,83
SKU01978,204,37,12,87
SKU01979,367,45,11,40
SKU01980,313,96,7,93
SKU01981,70,71,5,92
SKU01982,390,63,10,49
SKU01983,313,57,4,38
SKU01984,320,93,12,39
SKU01985,334,79,6,66
SKU01986,391,70,9,70
SKU01987,281,92,8,57
SKU01988,481,37,7,58
SKU01989,484,48,13,34
SKU01990,91,6,12,65
SKU01991,410,26,12,75
SKU01992,371,24,11,56
SKU01993,178,86,12,71
SKU01994,485,24,8,96
SKU01995,55,57,8,82
SKU01996,115,57,12,31
SKU01997,253,21,7,49
SKU01998,152,23,6,94
SKU01999,498,80,13,30
SKU02000,166,93,11,32
SKU02001,95,54,13,93
SKU02002,350,25,3,53
SKU02003,84,23,6,45
SKU02004,108,80,5,83
SKU02005,256,15,11,40
SKU02006,242,78,12,97
SKU02007,348,68,5,42
SKU02008,443,74,4,70
SKU02009,227,86,9,88
SKU02010,88,2,9,78
SKU02011,75,32,7,77
SKU02012,128,1,11,61
SKU02013,181,19,4,65
SKU02014,337,27,3,89
SKU02015,105,34,8,65
SKU02016,488,88,12,94
SKU02017,374,50,8,82
SKU02018,405,35,6,65
SKU02019,229,52,4,79
SKU02020,218,17,8,95
SKU02021,70,99,9,76
SKU02022,88,28,8,46
SKU02023,385,59,5,78
SKU02024,150,1,6,77
SKU02025,287,13,13,87
SKU02026,408,57,5,31
SKU02027,292,40,5,45
SKU02028,437,11,9,43
SKU02029,296,11,5,34
SKU02030,386,31,12,72
SKU02031,386,68,12,38
SKU02032,482,32,6,47
SKU02033,58,61,11,58
SKU02034,430,77,11,44
SKU02035,439,41,6,86
SKU02036,482,43,9,43
SKU02037,436,61,12,93
SKU02038,151,44,12,87
SKU02039,304,19,12,86
SKU02040,245,77,3,81
SKU02041,342,7,4,34
SKU02042,423,68,11,61
SKU02043,338,66,4,58
SKU02044,180,89,11,59
SKU02045,442,25,4,91
SKU02046,52,45,6,54
SKU02047,228,12,9,73
SKU02048,212,54,9,38
SKU02049,179,60,8,70
SKU02050,221,63,4,98
SKU02051,107,43,12,85
SKU02052,220,88,4,59
SKU02053,120,69,8,84
SKU02054,372,12,5,55
SKU02055,362,23,7,99
SKU02056,348,59,12,78
SKU02057,347,75,3,95
SKU02058,60,97,12,47
SKU02059,134,99,10,81
SKU02060,95,43,8,82
SKU02061,236,93,4,59
SKU02062,313,97,11,49
SKU02063,330,18,7,56
SKU02064,89,95,12,56
SKU02065,239,82,4,71
SKU02066,462,38,11,62
SKU02067,278,82,3,45
SKU02068,328,6,12,41
SKU02069,121,4,12,98
SKU02070,226,25,7,51
SKU02071,318,27,3,52
SKU02072,402,17,4,59
SKU02073,331,15,9,62
SKU02074,203,47,3,67
SKU02075,435,5,4,67
SKU02076,155,87,4,56
SKU02077,474,71,12,46
SKU02078,296,61,12,99
SKU02079,199,5,12,68
SKU02080,189,98,8,80
SKU02081,200,47,9,79
SKU02082,138,12,7,39
SKU02083,232,8,6,31
SKU02084,458,12,4,80
SKU02085,235,33,5,32
SKU02086,169,58,8,77
SKU02087,241,18,5,34
SKU02088,372,10,11,97
SKU02089,178,90,4,41
SKU02090,382,40,4,66
SKU02091,222,79,10,51
SKU02092,405,10,9,87
SKU02093,223,28,5,44
SKU02094,365,94,12,72
SKU02095,257,73,3,93
SKU02096,209,63,5,31
SKU02097,201,86,4,67
SKU02098,80,25,5,54
SKU02099,353,64,7,96
SKU02100,395,17,11,67
SKU02101,136,20,11,94
SKU02102,454,26,12,99
SKU02103,93,99,3,69
SKU02104,293,2,9,95
SKU02105,297,45,8,59
SKU02106,118,8,7,40
SKU02107,118,98,13,95
SKU02108,265,30,3,68
SKU02109,143,45,7,89
SKU02110,80,10,9,31
SKU02111,154,26,5,31
SKU02112,408,20,12,34
SKU02113,229,44,7,49
SKU02114,304,60,8,49
SKU02115,74,1,11,61
SKU02116,75,69,11,96
SKU02117,274,0,5,34
SKU02118,62,18,11,86
SKU02119,420,34,7,51
SKU02120,408,76,11,76
SKU02121,487,2,7,60
SKU02122,118,87,10,62
SKU02123,249,87,4,45
SKU02124,421,75,12,68
SKU02125,138,45,10,76
SKU02126,221,8,10,79
SKU02127,126,59,13,44
SKU02128,341,62,7,70
SKU02129,379,23,4,78
SKU02130,195,6,6,98
SKU02131,109,54,5,58
SKU02132,200,13,3,62
SKU02133,202,20,3,52
SKU02134,106,80,12,43
SKU02135,142,19,5,82
SKU02136,408,55,4,52
SKU02137,495,32,9,47
SKU02138,122,32,8,46
SKU02139,68,90,8,63
SKU02140,133,24,6,40
SKU02141,396,15,12,90
SKU02142,302,93,3,36
SKU02143,321,98,12,45
SKU02144,473,11,5,50
SKU02145,227,42,6,46
SKU02146,337,40,8,56
SKU02147,453,24,4,38
SKU02148,141,52,8,32
SKU02149,152,96,9,30
SKU02150,150,69,4,76
SKU02151,286,25,11,43
SKU02152,231,70,12,60
SKU02153,364,94,12,46
SKU02154,447,35,12,53
SKU02155,158,62,8,54
SKU02156,236,31,6,47
SKU02157,86,25,11,93
SKU02158,377,19,8,59
SKU02159,102,91,5,92
SKU02160,316,30,3,48
SKU02161,445,14,13,66
SKU02162,78,25,4,44
SKU02163,293,3,8,79
SKU02164,215,22,13,57
SKU02165,243,7,13,47
SKU02166,488,49,8,38
SKU02167,444,62,5,82
SKU02168,472,77,10,57
SKU02169,124,38,11,50
SKU02170,443,42,5,77
SKU02171,135,20,6,79
SKU02172,200,12,7,33
SKU02173,383,71,11,64
SKU02174,150,20,12,47
SKU02175,402,71,5,72
SKU02176,144,97,8,96
SKU02177,445,99,4,31
SKU02178,448,22,3,36
SKU02179,271,27,3,61
SKU02180,375,87,8,56
SKU02181,387,87,7,53
SKU02182,407,33,10,76
SKU02183,252,85,8,53
SKU02184,370,17,11,57
SKU02185,429,70,9,63
SKU02186,444,85,12,64
SKU02187,165,92,12,57
SKU02188,428,81,4,53
SKU02189,185,52,10,33
SKU02190,149,4,3,78
SKU02191,403,29,10,92
SKU02192,224,25,11,66
SKU02193,275,6,10,68
SKU02194,239,91,7,33
SKU02195,413,24,9,57
SKU02196,246,66,12,49
SKU02197,132,10,10,96
SKU02198,312,22,9,63
SKU02199,411,18,12,38
SKU02200,353,81,11,77
SKU02201,222,24,6,54
SKU02202,452,38,9,56
SKU02203,153,73,6,48
SKU02204,304,27,7,62
SKU02205,289,9,5,59
SKU02206,71,2,7,77
SKU02207,307,75,8,35
SKU02208,156,39,13,31
SKU02209,250,1,3,84
SKU02210,249,59,3,35
SKU02211,285,18,13,30
SKU02212,284,32,10,61
