SKU,Category,Cost,Price
SKU00001,Food,40.84,55.01
SKU00002,Beauty,31.94,42.31
SKU00003,Home & Garden,9.5,14.89
SKU00004,Books,32.05,56.62
SKU00005,Toys,7.54,13.4
SKU00006,Toys,5.04,10.04
SKU00007,Electronics,18.69,30.28
SKU00008,Automotive,18.11,30.59
SKU00009,Health,7.1,14.05
SKU00010,Home & Garden,22.21,44.12
SKU00011,Automotive,7.09,11.95
SKU00012,Books,25.27,30.6
SKU00013,Automotive,48.45,89.48
SKU00014,Automotive,5.72,7.92
SKU00015,Food,32.45,60.57
SKU00016,Home & Garden,45.92,64.61
SKU00017,Beauty,38.99,60.05
SKU00018,Toys,29.6,39.9
SKU00019,Clothing,39.88,77.83
SKU00020,Sports,31.91,61.82
SKU00021,Beauty,30.67,49.58
SKU00022,Beauty,43.0,77.32
SKU00023,Books,31.4,61.93
SKU00024,Automotive,18.33,24.42
SKU00025,Automotive,49.41,89.82
SKU00026,Beauty,5.25,9.72
SKU00027,Electronics,37.01,67.81
SKU00028,Books,46.68,80.34
SKU00029,Food,43.25,67.45
SKU00030,Electronics,7.86,11.39
SKU00031,Beauty,34.97,58.5
SKU00032,Toys,44.92,70.88
SKU00033,Books,48.73,91.56
SKU00034,Books,30.26,54.97
SKU00035,Food,6.82,12.06
SKU00036,Health,6.14,7.9
SKU00037,Food,26.39,43.56
SKU00038,Sports,45.84,64.15
SKU00039,Sports,47.43,79.64
SKU00040,Home & Garden,12.25,23.82
SKU00041,Automotive,9.75,15.26
SKU00042,Sports,45.17,73.69
SKU00043,Health,10.49,15.58
SKU00044,Electronics,17.25,29.63
SKU00045,Automotive,41.81,78.96
SKU00046,Food,12.41,20.19
SKU00047,Books,36.16,51.19
SKU00048,Beauty,47.43,69.18
SKU00049,Beauty,36.64,54.62
SKU00050,Electronics,16.43,22.96
SKU00051,Food,27.38,39.44
SKU00052,Electronics,49.9,70.53
SKU00053,Clothing,27.62,34.28
SKU00054,Books,20.53,35.05
SKU00055,Clothing,28.89,45.02
SKU00056,Toys,15.89,27.62
SKU00057,Beauty,15.69,27.98
SKU00058,Beauty,26.16,51.98
SKU00059,Toys,29.11,37.03
SKU00060,Electronics,11.78,18.93
SKU00061,Home & Garden,31.59,55.03
SKU00062,Home & Garden,37.0,68.36
SKU00063,Sports,34.03,45.59
SKU00064,Electronics,22.89,36.95
SKU00065,Beauty,11.19,16.48
SKU00066,Automotive,14.41,23.53
SKU00067,Health,16.61,28.7
SKU00068,Health,49.2,79.37
SKU00069,Electronics,15.88,20.24
SKU00070,Books,45.52,77.68
SKU00071,Automotive,17.55,30.89
SKU00072,Home & Garden,43.53,66.33
SKU00073,Electronics,33.89,42.95
SKU00074,Beauty,40.34,70.0
SKU00075,Home & Garden,21.75,42.46
SKU00076,Automotive,5.23,6.95
SKU00077,Clothing,26.85,41.86
SKU00078,Automotive,12.92,15.69
SKU00079,Books,13.05,19.48
SKU00080,Beauty,43.22,74.59
SKU00081,Electronics,29.41,47.27
SKU00082,Toys,16.93,23.63
SKU00083,Toys,49.05,77.96
SKU00084,Beauty,33.4,61.32
SKU00085,Electronics,30.96,49.35
SKU00086,Books,15.36,24.56
SKU00087,Sports,6.09,10.46
SKU00088,Electronics,49.75,78.41
SKU00089,Books,44.76,80.48
SKU00090,Books,46.77,72.15
SKU00091,Books,30.75,61.02
SKU00092,Sports,18.25,27.52
SKU00093,Food,17.08,27.13
SKU00094,Clothing,30.06,58.58
SKU00095,Health,46.85,58.86
SKU00096,Clothing,32.68,65.09
SKU00097,Clothing,16.44,23.61
SKU00098,Health,38.33,67.38
SKU00099,Toys,21.18,30.39
SKU00100,Food,23.89,33.56
SKU00101,Beauty,46.1,74.17
SKU00102,Automotive,33.26,45.07
SKU00103,Beauty,36.59,67.2
SKU00104,Home & Garden,20.21,30.32
SKU00105,Clothing,24.73,42.97
SKU00106,Home & Garden,25.95,42.41
SKU00107,Toys,31.59,38.68
SKU00108,Sports,6.75,9.73
SKU00109,Books,28.5,51.76
SKU00110,Books,25.58,47.92
SKU00111,Sports,23.51,41.37
SKU00112,Beauty,37.67,74.62
SKU00113,Health,19.53,35.87
SKU00114,Home & Garden,24.75,31.26
SKU00115,Books,13.3,16.81
SKU00116,Automotive,35.98,44.85
SKU00117,Health,12.04,16.86
SKU00118,Toys,37.16,64.21
SKU00119,Books,33.72,54.41
SKU00120,Books,32.53,49.95
SKU00121,Health,21.02,37.97
SKU00122,Automotive,20.38,25.96
SKU00123,Electronics,19.01,37.72
SKU00124,Books,26.34,33.67
SKU00125,Books,26.31,35.21
SKU00126,Books,22.93,38.82
SKU00127,Books,44.9,63.25
SKU00128,Health,33.16,53.15
SKU00129,Electronics,29.27,51.14
SKU00130,Beauty,47.48,92.83
SKU00131,Sports,30.9,46.67
SKU00132,Electronics,25.62,41.93
SKU00133,Books,33.17,61.57
SKU00134,Beauty,45.74,62.05
SKU00135,Clothing,6.75,11.44
SKU00136,Food,8.2,11.94
SKU00137,Health,35.67,52.53
SKU00138,Home & Garden,17.68,22.89
SKU00139,Books,20.68,40.3
SKU00140,Beauty,38.08,70.17
SKU00141,Automotive,29.66,45.64
SKU00142,Beauty,41.31,82.3
SKU00143,Sports,21.74,39.59
SKU00144,Beauty,44.02,72.61
SKU00145,Electronics,35.59,63.78
SKU00146,Home & Garden,9.64,18.53
SKU00147,Sports,42.19,61.43
SKU00148,Home & Garden,22.51,27.21
SKU00149,Automotive,43.12,63.99
SKU00150,Sports,30.8,52.54
SKU00151,Books,9.13,15.35
SKU00152,Sports,35.26,63.54
SKU00153,Food,40.16,51.84
SKU00154,Books,27.25,33.95
SKU00155,Health,24.87,47.5
SKU00156,Clothing,48.59,85.05
SKU00157,Health,32.82,42.04
SKU00158,Food,24.17,33.31
SKU00159,Automotive,41.98,74.1
SKU00160,Books,28.1,38.96
SKU00161,Beauty,21.84,32.69
SKU00162,Sports,15.65,30.15
SKU00163,Sports,20.76,36.67
SKU00164,Home & Garden,39.97,65.82
SKU00165,Health,45.79,59.02
SKU00166,Home & Garden,16.42,25.02
SKU00167,Health,38.34,69.55
SKU00168,Automotive,38.49,67.16
SKU00169,Automotive,21.87,31.24
SKU00170,Beauty,28.78,44.58
SKU00171,Health,5.55,10.96
SKU00172,Books,6.95,13.49
SKU00173,Books,16.38,28.78
SKU00174,Automotive,28.54,48.62
SKU00175,Electronics,33.24,55.43
SKU00176,Food,7.05,10.04
SKU00177,Beauty,22.75,29.25
SKU00178,Books,17.48,23.61
SKU00179,Health,22.47,31.09
SKU00180,Books,48.85,97.16
SKU00181,Toys,6.45,9.19
SKU00182,Books,41.62,72.74
SKU00183,Home & Garden,42.01,82.34
SKU00184,Books,32.6,50.03
SKU00185,Beauty,44.45,72.95
SKU00186,Books,6.19,9.29
SKU00187,Electronics,26.62,52.92
SKU00188,Books,38.73,58.65
SKU00189,Electronics,42.72,67.29
SKU00190,Home & Garden,11.02,13.35
SKU00191,Food,43.91,81.25
SKU00192,Books,49.85,81.97
SKU00193,Books,37.68,68.03
SKU00194,Home & Garden,16.13,25.17
SKU00195,Electronics,47.93,80.76
SKU00196,Electronics,35.23,59.69
SKU00197,Beauty,6.0,9.59
SKU00198,Toys,39.75,64.25
SKU00199,Electronics,29.84,49.19
SKU00200,Automotive,31.55,49.97
SKU00201,Food,38.98,66.12
SKU00202,Clothing,41.23,79.26
SKU00203,Clothing,20.78,34.74
SKU00204,Home & Garden,45.69,67.55
SKU00205,Toys,25.29,48.77
SKU00206,Food,28.56,50.22
SKU00207,Sports,25.67,48.1
SKU00208,Electronics,16.62,26.05
SKU00209,Clothing,32.94,48.68
SKU00210,Home & Garden,29.18,45.75
SKU00211,Toys,36.4,48.92
SKU00212,Sports,20.56,39.41
SKU00213,Home & Garden,28.19,55.76
SKU00214,Health,15.07,28.0
SKU00215,Clothing,17.54,23.53
SKU00216,Books,29.69,48.33
SKU00217,Health,45.24,58.95
SKU00218,Health,36.07,44.42
SKU00219,Automotive,26.65,46.65
SKU00220,Beauty,44.31,85.82
SKU00221,Electronics,17.46,32.21
SKU00222,Electronics,31.88,63.4
SKU00223,Beauty,26.8,45.42
SKU00224,Food,28.91,51.35
SKU00225,Health,6.65,9.32
SKU00226,Food,35.92,67.37
SKU00227,Clothing,25.13,40.87
SKU00228,Automotive,38.18,51.39
SKU00229,Food,19.49,26.69
SKU00230,Health,29.09,40.34
SKU00231,Sports,26.33,39.07
SKU00232,Automotive,27.43,34.82
SKU00233,Toys,31.41,56.42
SKU00234,Electronics,30.4,45.69
SKU00235,Books,21.34,36.63
SKU00236,Clothing,16.0,25.57
SKU00237,Toys,32.26,44.83
SKU00238,Toys,15.14,22.59
SKU00239,Sports,43.29,54.99
SKU00240,Beauty,45.35,57.34
SKU00241,Home & Garden,5.82,10.23
SKU00242,Beauty,10.04,15.25
SKU00243,Sports,5.24,10.37
SKU00244,Beauty,37.53,69.68
SKU00245,Clothing,30.05,49.81
SKU00246,Home & Garden,42.74,58.29
SKU00247,Health,19.57,30.14
SKU00248,Electronics,38.13,61.92
SKU00249,Electronics,32.48,46.47
SKU00250,Books,27.77,54.04
SKU00251,Home & Garden,7.33,10.77
SKU00252,Health,29.69,48.66
SKU00253,Clothing,19.51,36.04
SKU00254,Electronics,11.25,13.52
SKU00255,Automotive,31.8,50.16
SKU00256,Food,40.74,52.37
SKU00257,Books,42.38,83.57
SKU00258,Books,37.89,73.91
SKU00259,Home & Garden,7.99,14.33
SKU00260,Toys,7.16,13.08
SKU00261,Automotive,38.77,71.33
SKU00262,Home & Garden,12.39,22.95
SKU00263,Health,45.85,66.62
SKU00264,Health,22.66,42.0
SKU00265,Food,37.12,71.26
SKU00266,Toys,29.29,45.43
SKU00267,Electronics,15.45,29.66
SKU00268,Food,28.93,36.26
SKU00269,Beauty,33.09,42.8
SKU00270,Toys,19.98,35.65
SKU00271,Health,11.27,20.68
SKU00272,Electronics,29.01,55.55
SKU00273,Sports,49.9,89.91
SKU00274,Books,40.04,52.63
SKU00275,Sports,30.65,55.47
SKU00276,Health,20.39,37.87
SKU00277,Sports,25.57,43.03
SKU00278,Beauty,11.75,16.25
SKU00279,Clothing,5.55,9.32
SKU00280,Sports,29.42,41.23
SKU00281,Books,42.21,83.03
SKU00282,Beauty,31.25,47.53
SKU00283,Health,47.63,63.0
SKU00284,Beauty,27.76,46.9
SKU00285,Beauty,44.25,86.09
SKU00286,Sports,46.34,84.9
SKU00287,Books,36.83,48.68
SKU00288,Health,8.1,10.22
SKU00289,Beauty,42.82,82.58
SKU00290,Electronics,10.1,20.07
SKU00291,Sports,10.61,20.55
SKU00292,Toys,28.35,47.43
SKU00293,Books,22.07,39.62
SKU00294,Health,41.13,49.51
SKU00295,Automotive,10.14,15.53
SKU00296,Health,46.39,68.53
SKU00297,Clothing,26.64,51.54
SKU00298,Home & Garden,16.17,26.88
SKU00299,Sports,23.85,46.08
SKU00300,Electronics,40.12,57.06
SKU00301,Health,5.59,9.67
SKU00302,Food,48.9,76.63
SKU00303,Sports,23.66,30.01
SKU00304,Beauty,27.6,46.26
SKU00305,Food,24.21,44.53
SKU00306,Electronics,6.64,10.48
SKU00307,Beauty,31.44,45.12
SKU00308,Home & Garden,25.4,41.13
SKU00309,Electronics,23.03,37.95
SKU00310,Sports,13.19,24.92
SKU00311,Food,38.9,55.15
SKU00312,Home & Garden,33.98,51.89
SKU00313,Food,49.05,91.82
SKU00314,Food,34.65,42.33
SKU00315,Food,16.42,22.29
SKU00316,Beauty,9.68,17.82
SKU00317,Home & Garden,44.94,73.94
SKU00318,Beauty,9.47,13.21
SKU00319,Beauty,41.31,81.38
SKU00320,Sports,35.06,47.83
SKU00321,Food,45.34,54.87
SKU00322,Food,38.12,71.6
SKU00323,Home & Garden,31.24,48.02
SKU00324,Clothing,45.98,78.15
SKU00325,Health,42.13,62.79
SKU00326,Food,17.06,29.0
SKU00327,Toys,39.82,59.34
SKU00328,Books,18.25,35.75
SKU00329,Toys,40.09,51.77
SKU00330,Beauty,49.34,77.8
SKU00331,Electronics,26.82,43.17
SKU00332,Automotive,29.37,50.13
SKU00333,Food,14.81,25.42
SKU00334,Sports,10.95,21.03
SKU00335,Clothing,17.25,20.96
SKU00336,Clothing,28.83,53.4
SKU00337,Automotive,17.33,28.48
SKU00338,Automotive,27.39,48.64
SKU00339,Books,5.49,7.2
SKU00340,Automotive,16.99,30.34
SKU00341,Clothing,32.02,55.47
SKU00342,Food,30.8,57.61
SKU00343,Books,22.24,35.92
SKU00344,Clothing,12.48,22.35
SKU00345,Home & Garden,9.07,16.47
SKU00346,Books,42.67,66.13
SKU00347,Sports,37.36,53.71
SKU00348,Home & Garden,47.72,72.4
SKU00349,Beauty,47.16,84.23
SKU00350,Electronics,17.15,27.98
SKU00351,Home & Garden,31.78,39.44
SKU00352,Clothing,33.05,52.2
SKU00353,Automotive,8.38,14.94
SKU00354,Automotive,36.72,61.64
SKU00355,Automotive,16.09,29.85
SKU00356,Books,5.11,10.08
SKU00357,Toys,31.56,46.99
SKU00358,Electronics,11.16,21.87
SKU00359,Food,28.46,36.12
SKU00360,Beauty,39.13,66.95
SKU00361,Electronics,34.65,60.76
SKU00362,Toys,49.13,94.45
SKU00363,Health,7.32,12.71
SKU00364,Health,31.47,62.93
SKU00365,Health,30.56,59.05
SKU00366,Books,37.9,51.31
SKU00367,Beauty,48.7,95.22
SKU00368,Clothing,38.53,47.93
SKU00369,Home & Garden,19.36,36.07
SKU00370,Electronics,34.26,51.1
SKU00371,Clothing,44.82,72.81
SKU00372,Health,37.61,47.1
SKU00373,Beauty,29.28,53.65
SKU00374,Automotive,38.2,61.74
SKU00375,Health,44.45,68.19
SKU00376,Home & Garden,44.15,53.74
SKU00377,Food,13.35,20.12
SKU00378,Home & Garden,8.15,9.84
SKU00379,Electronics,23.09,36.57
SKU00380,Automotive,31.13,44.13
SKU00381,Automotive,39.57,60.71
SKU00382,Food,28.51,50.92
SKU00383,Electronics,9.97,14.79
SKU00384,Clothing,18.33,25.43
SKU00385,Automotive,17.48,33.7
SKU00386,Automotive,9.93,15.02
SKU00387,Sports,14.82,29.05
SKU00388,Books,9.02,13.84
SKU00389,Beauty,44.79,75.27
SKU00390,Clothing,12.52,24.94
SKU00391,Beauty,47.42,81.55
SKU00392,Books,42.38,54.93
SKU00393,Clothing,22.28,27.4
SKU00394,Health,40.08,59.32
SKU00395,Books,33.34,45.78
SKU00396,Automotive,46.75,93.31
SKU00397,Health,28.19,44.9
SKU00398,Electronics,11.93,22.09
SKU00399,Toys,33.03,59.4
SKU00400,Automotive,31.68,52.72
SKU00401,Clothing,25.58,38.71
SKU00402,Automotive,7.0,13.17
SKU00403,Health,41.43,71.43
SKU00404,Books,38.08,54.27
SKU00405,Toys,16.69,29.69
SKU00406,Health,28.97,57.06
SKU00407,Books,49.62,61.98
SKU00408,Home & Garden,42.11,62.25
SKU00409,Clothing,29.47,55.75
SKU00410,Electronics,44.54,81.86
SKU00411,Beauty,16.04,21.26
SKU00412,Automotive,20.03,27.86
SKU00413,Books,35.61,60.35
SKU00414,Toys,13.51,25.75
SKU00415,Health,25.95,49.38
SKU00416,Health,10.8,15.85
SKU00417,Food,12.23,22.69
SKU00418,Food,13.69,17.35
SKU00419,Electronics,30.19,39.03
SKU00420,Clothing,33.53,54.72
SKU00421,Home & Garden,10.78,15.38
SKU00422,Food,29.36,57.84
SKU00423,Books,9.61,18.74
SKU00424,Sports,8.05,11.6
SKU00425,Electronics,39.69,70.13
SKU00426,Toys,20.56,34.89
SKU00427,Clothing,44.22,87.5
SKU00428,Sports,34.14,57.2
SKU00429,Food,7.95,14.77
SKU00430,Home & Garden,16.36,19.65
SKU00431,Clothing,17.31,34.59
SKU00432,Electronics,9.6,18.08
SKU00433,Food,42.17,60.66
SKU00434,Clothing,39.78,55.05
SKU00435,Home & Garden,47.79,63.12
SKU00436,Books,45.93,86.62
SKU00437,Sports,22.89,32.49
SKU00438,Home & Garden,19.04,27.73
SKU00439,Toys,15.35,21.03
SKU00440,Electronics,34.33,51.31
SKU00441,Beauty,12.17,16.58
SKU00442,Books,11.91,18.62
SKU00443,Clothing,39.25,66.76
SKU00444,Books,46.03,90.87
SKU00445,Sports,40.84,64.75
SKU00446,Food,10.63,18.59
SKU00447,Sports,30.13,41.59
SKU00448,Toys,31.19,44.14
SKU00449,Beauty,24.5,48.69
SKU00450,Electronics,5.52,6.95
SKU00451,Clothing,26.6,44.68
SKU00452,Automotive,43.71,79.71
SKU00453,Beauty,37.59,67.64
SKU00454,Automotive,15.89,31.61
SKU00455,Toys,32.82,57.82
SKU00456,Health,39.91,77.95
SKU00457,Electronics,28.3,35.95
SKU00458,Electronics,42.1,62.58
SKU00459,Food,10.97,18.15
SKU00460,Health,41.03,55.8
SKU00461,Food,35.17,68.97
SKU00462,Home & Garden,45.33,75.96
SKU00463,Automotive,7.34,11.98
SKU00464,Clothing,47.08,92.18
SKU00465,Sports,20.28,37.55
SKU00466,Food,34.74,57.05
SKU00467,Toys,41.78,65.25
SKU00468,Home & Garden,6.83,9.1
SKU00469,Clothing,7.72,10.78
SKU00470,Automotive,44.23,60.83
SKU00471,Food,26.16,46.97
SKU00472,Food,24.51,30.27
SKU00473,Clothing,5.94,10.23
SKU00474,Books,49.84,98.67
SKU00475,Home & Garden,8.67,13.2
SKU00476,Toys,6.38,8.97
SKU00477,Electronics,44.07,78.53
SKU00478,Beauty,24.15,35.66
SKU00479,Sports,27.72,45.31
SKU00480,Home & Garden,31.04,48.14
SKU00481,Books,22.8,38.41
SKU00482,Clothing,40.68,70.14
SKU00483,Home & Garden,31.66,61.09
SKU00484,Home & Garden,33.03,56.33
SKU00485,Electronics,10.92,19.36
SKU00486,Food,33.46,50.14
SKU00487,Clothing,13.14,24.76
SKU00488,Automotive,16.13,30.58
SKU00489,Beauty,31.07,53.76
SKU00490,Food,12.36,18.7
SKU00491,Automotive,22.96,43.31
SKU00492,Books,19.63,35.71
SKU00493,Beauty,22.85,31.75
SKU00494,Health,8.31,11.1
SKU00495,Health,25.19,43.73
SKU00496,Automotive,24.39,34.12
SKU00497,Electronics,16.36,24.34
SKU00498,Automotive,32.25,47.9
SKU00499,Books,40.18,70.89
SKU00500,Beauty,31.34,59.38
SKU00501,Sports,17.14,21.35
SKU00502,Books,47.15,58.06
SKU00503,Food,15.11,20.31
SKU00504,Books,9.65,16.09
SKU00505,Health,22.88,36.24
SKU00506,Clothing,19.54,38.66
SKU00507,Food,25.46,41.06
SKU00508,Clothing,20.42,33.2
SKU00509,Food,6.35,9.18
SKU00510,Clothing,14.08,24.49
SKU00511,Clothing,13.48,24.05
SKU00512,Toys,44.07,59.12
SKU00513,Clothing,34.77,68.95
SKU00514,Health,5.79,8.08
SKU00515,Health,44.1,73.05
SKU00516,Beauty,40.8,78.94
SKU00517,Electronics,14.71,25.4
SKU00518,Books,35.01,58.18
SKU00519,Clothing,49.97,61.9
SKU00520,Automotive,43.99,87.74
SKU00521,Automotive,9.07,12.98
SKU00522,Sports,34.27,62.11
SKU00523,Sports,35.04,64.7
SKU00524,Clothing,44.51,64.7
SKU00525,Electronics,10.41,17.03
SKU00526,Automotive,19.78,33.7
SKU00527,Health,22.83,40.09
SKU00528,Automotive,31.84,52.11
SKU00529,Home & Garden,15.23,19.16
SKU00530,Home & Garden,12.58,21.56
SKU00531,Clothing,25.86,38.88
SKU00532,Health,47.82,89.79
SKU00533,Books,41.62,53.57
SKU00534,Books,22.95,38.19
SKU00535,Sports,32.36,58.63
SKU00536,Toys,38.61,68.43
SKU00537,Books,13.81,16.66
SKU00538,Books,45.41,63.34
SKU00539,Home & Garden,7.71,15.02
SKU00540,Toys,13.76,18.34
SKU00541,Sports,16.55,23.64
SKU00542,Home & Garden,31.14,39.6
SKU00543,Clothing,23.0,45.56
SKU00544,Health,10.48,14.1
SKU00545,Health,40.99,55.24
SKU00546,Beauty,40.7,54.88
SKU00547,Beauty,48.33,76.69
SKU00548,Food,41.71,62.51
SKU00549,Health,10.05,12.09
SKU00550,Toys,41.86,79.85
SKU00551,Automotive,40.72,69.93
SKU00552,Beauty,23.5,43.98
SKU00553,Beauty,39.65,65.23
SKU00554,Books,18.59,33.2
SKU00555,Sports,24.07,41.74
SKU00556,Clothing,39.5,52.13
SKU00557,Food,31.4,41.9
SKU00558,Home & Garden,44.12,69.63
SKU00559,Books,9.31,11.34
SKU00560,Home & Garden,32.32,52.92
SKU00561,Health,16.56,28.24
SKU00562,Automotive,27.35,54.44
SKU00563,Home & Garden,31.87,55.47
SKU00564,Health,24.27,43.06
SKU00565,Electronics,5.71,8.41
SKU00566,Home & Garden,32.14,47.25
SKU00567,Food,39.77,56.15
SKU00568,Books,45.24,61.23
SKU00569,Beauty,21.51,31.73
SKU00570,Food,8.12,13.12
SKU00571,Clothing,35.13,44.12
SKU00572,Books,17.2,28.8
SKU00573,Home & Garden,28.98,42.3
SKU00574,Home & Garden,13.56,16.85
SKU00575,Clothing,21.33,42.59
SKU00576,Food,25.93,32.37
SKU00577,Health,48.09,64.46
SKU00578,Automotive,12.67,19.36
SKU00579,Automotive,41.98,50.42
SKU00580,Beauty,40.8,79.21
SKU00581,Food,22.97,30.36
SKU00582,Books,38.17,69.28
SKU00583,Electronics,42.89,69.35
SKU00584,Toys,16.57,30.32
SKU00585,Electronics,32.38,51.99
SKU00586,Sports,36.89,45.34
SKU00587,Electronics,15.23,22.44
SKU00588,Automotive,8.94,17.44
SKU00589,Automotive,27.94,51.97
SKU00590,Food,47.41,90.01
SKU00591,Toys,46.37,74.08
SKU00592,Toys,30.5,46.14
SKU00593,Electronics,10.24,18.98
SKU00594,Home & Garden,35.34,57.47
SKU00595,Toys,11.36,15.56
SKU00596,Automotive,19.51,23.77
SKU00597,Clothing,15.06,29.61
SKU00598,Clothing,33.84,62.88
SKU00599,Automotive,26.57,38.55
SKU00600,Electronics,32.28,58.49
SKU00601,Sports,27.62,41.95
SKU00602,Automotive,34.98,45.39
SKU00603,Books,6.16,8.06
SKU00604,Sports,8.6,15.66
SKU00605,Sports,24.78,31.83
SKU00606,Toys,5.01,6.09
SKU00607,Clothing,34.26,45.28
SKU00608,Home & Garden,30.4,41.14
SKU00609,Automotive,7.62,15.2
SKU00610,Beauty,18.38,28.39
SKU00611,Automotive,11.4,14.79
SKU00612,Home & Garden,13.0,22.79
SKU00613,Electronics,27.92,55.77
SKU00614,Electronics,15.47,21.3
SKU00615,Sports,34.51,64.82
SKU00616,Clothing,10.88,20.78
SKU00617,Home & Garden,21.55,33.0
SKU00618,Food,38.01,69.01
SKU00619,Food,23.73,37.61
SKU00620,Toys,40.57,67.57
SKU00621,Food,11.17,18.19
SKU00622,Electronics,19.56,36.52
SKU00623,Books,13.95,17.46
SKU00624,Sports,21.71,30.67
SKU00625,Books,43.0,54.97
SKU00626,Health,10.72,20.29
SKU00627,Clothing,26.42,39.65
SKU00628,Sports,43.68,66.13
SKU00629,Health,45.14,88.67
SKU00630,Electronics,34.64,67.7
SKU00631,Clothing,24.69,34.66
SKU00632,Health,46.86,65.72
SKU00633,Beauty,25.77,44.05
SKU00634,Clothing,22.39,34.92
SKU00635,Electronics,32.63,40.89
SKU00636,Beauty,44.71,57.43
SKU00637,Electronics,24.95,30.89
SKU00638,Beauty,8.82,15.63
SKU00639,Home & Garden,8.21,9.93
SKU00640,Books,27.89,42.11
SKU00641,Sports,20.74,37.73
SKU00642,Food,40.27,59.76
SKU00643,Health,9.43,16.29
SKU00644,Beauty,16.93,20.6
SKU00645,Electronics,18.3,33.21
SKU00646,Automotive,48.92,84.82
SKU00647,Home & Garden,10.46,17.7
SKU00648,Automotive,33.98,55.18
SKU00649,Clothing,19.5,25.35
SKU00650,Beauty,10.13,16.09
SKU00651,Clothing,10.76,15.83
SKU00652,Beauty,31.93,40.75
SKU00653,Beauty,24.44,37.92
SKU00654,Automotive,12.37,17.55
SKU00655,Sports,10.47,14.21
SKU00656,Electronics,34.06,48.66
SKU00657,Food,44.57,62.69
SKU00658,Clothing,33.62,46.29
SKU00659,Beauty,38.67,63.66
SKU00660,Food,34.53,46.33
SKU00661,Toys,38.89,55.05
SKU00662,Clothing,9.86,17.23
SKU00663,Sports,41.8,57.3
SKU00664,Home & Garden,11.78,17.36
SKU00665,Toys,29.4,49.17
SKU00666,Beauty,32.54,41.8
SKU00667,Food,36.0,68.35
SKU00668,Automotive,39.25,52.13
SKU00669,Health,30.11,55.69
SKU00670,Books,44.67,63.53
SKU00671,Home & Garden,23.07,42.45
SKU00672,Automotive,29.98,53.56
SKU00673,Food,32.67,57.19
SKU00674,Automotive,29.94,36.05
SKU00675,Health,42.8,79.87
SKU00676,Automotive,48.11,71.9
SKU00677,Home & Garden,42.89,67.6
SKU00678,Home & Garden,49.84,74.49
SKU00679,Sports,37.49,71.57
SKU00680,Home & Garden,11.2,19.38
SKU00681,Toys,36.3,43.66
SKU00682,Toys,12.51,16.83
SKU00683,Sports,23.1,43.89
SKU00684,Home & Garden,7.92,13.18
SKU00685,Food,36.63,45.51
SKU00686,Beauty,35.44,65.35
SKU00687,Home & Garden,27.42,34.6
SKU00688,Toys,36.29,65.21
SKU00689,Health,36.85,67.46
SKU00690,Home & Garden,24.81,32.7
SKU00691,Food,38.1,52.91
SKU00692,Sports,7.81,14.39
SKU00693,Automotive,46.99,80.54
SKU00694,Electronics,33.69,53.8
SKU00695,Toys,49.6,89.17
SKU00696,Food,30.73,51.33
SKU00697,Automotive,30.45,60.4
SKU00698,Home & Garden,6.18,7.53
SKU00699,Toys,17.29,27.91
SKU00700,Home & Garden,47.33,66.61
SKU00701,Health,44.27,82.95
SKU00702,Books,26.64,41.24
SKU00703,Books,36.77,62.69
SKU00704,Food,45.68,88.04
SKU00705,Beauty,37.83,68.56
SKU00706,Toys,15.14,19.75
SKU00707,Automotive,38.81,66.97
SKU00708,Sports,5.6,7.99
SKU00709,Health,17.7,24.94
SKU00710,Home & Garden,17.4,31.84
SKU00711,Health,17.24,31.16
SKU00712,Health,43.02,60.85
SKU00713,Automotive,26.94,33.05
SKU00714,Sports,32.89,54.25
SKU00715,Books,28.96,44.27
SKU00716,Food,8.89,12.35
SKU00717,Beauty,29.67,38.65
SKU00718,Food,22.71,42.28
SKU00719,Beauty,16.71,29.82
SKU00720,Health,49.08,64.59
SKU00721,Food,13.91,22.99
SKU00722,Home & Garden,18.89,36.98
SKU00723,Automotive,13.24,16.12
SKU00724,Books,15.14,21.21
SKU00725,Food,35.77,58.52
SKU00726,Beauty,10.16,19.19
SKU00727,Health,29.41,53.93
SKU00728,Electronics,29.46,37.28
SKU00729,Toys,43.11,66.52
SKU00730,Books,47.56,89.41
SKU00731,Clothing,9.39,17.74
SKU00732,Home & Garden,34.29,56.12
SKU00733,Beauty,40.41,52.12
SKU00734,Health,49.01,89.95
SKU00735,Electronics,14.06,19.78
SKU00736,Sports,29.52,53.33
SKU00737,Sports,28.37,38.7
SKU00738,Books,34.68,46.1
SKU00739,Automotive,30.21,54.39
SKU00740,Electronics,6.22,7.79
SKU00741,Home & Garden,45.91,74.89
SKU00742,Sports,40.93,61.29
SKU00743,Food,41.99,63.17
SKU00744,Home & Garden,24.85,33.71
SKU00745,Health,9.23,13.71
SKU00746,Automotive,30.99,52.92
SKU00747,Food,33.92,46.02
SKU00748,Beauty,28.41,44.26
SKU00749,Toys,40.7,59.15
SKU00750,Home & Garden,21.34,40.92
SKU00751,Beauty,27.82,46.69
SKU00752,Food,13.29,25.45
SKU00753,Books,24.81,41.99
SKU00754,Toys,43.56,56.37
SKU00755,Food,48.52,74.44
SKU00756,Food,10.51,18.71
SKU00757,Clothing,12.47,23.76
SKU00758,Food,10.84,18.97
SKU00759,Home & Garden,28.73,51.01
SKU00760,Clothing,14.44,21.7
SKU00761,Home & Garden,13.43,25.34
SKU00762,Sports,46.32,59.69
SKU00763,Automotive,26.2,48.67
SKU00764,Automotive,21.1,33.66
SKU00765,Home & Garden,44.59,72.25
SKU00766,Books,10.08,12.8
SKU00767,Electronics,15.79,20.75
SKU00768,Automotive,38.29,51.8
SKU00769,Automotive,24.6,40.88
SKU00770,Electronics,42.87,67.6
SKU00771,Home & Garden,6.4,11.47
SKU00772,Clothing,19.63,34.33
SKU00773,Food,12.52,21.59
SKU00774,Electronics,42.67,60.73
SKU00775,Home & Garden,36.24,58.35
SKU00776,Toys,21.22,26.62
SKU00777,Automotive,18.68,32.17
SKU00778,Sports,44.2,80.14
SKU00779,Home & Garden,7.66,14.7
SKU00780,Home & Garden,45.82,79.58
SKU00781,Food,12.61,19.06
SKU00782,Toys,15.2,22.88
SKU00783,Home & Garden,23.57,43.42
SKU00784,Sports,5.81,8.93
SKU00785,Health,48.48,63.12
SKU00786,Automotive,18.15,35.0
SKU00787,Health,36.47,68.25
SKU00788,Food,32.96,54.3
SKU00789,Food,28.97,49.48
SKU00790,Sports,10.07,17.75
SKU00791,Sports,9.34,13.02
SKU00792,Electronics,26.09,37.6
SKU00793,Books,18.38,26.46
SKU00794,Automotive,7.17,13.78
SKU00795,Beauty,44.48,65.13
SKU00796,Toys,45.15,60.88
SKU00797,Food,28.91,54.08
SKU00798,Home & Garden,17.05,31.22
SKU00799,Books,28.47,35.61
SKU00800,Sports,14.91,23.72
SKU00801,Books,9.22,17.78
SKU00802,Sports,44.08,55.18
SKU00803,Electronics,6.13,10.76
SKU00804,Beauty,19.26,29.81
SKU00805,Automotive,20.34,27.09
SKU00806,Toys,32.32,55.11
SKU00807,Sports,40.5,69.32
SKU00808,Food,28.06,36.01
SKU00809,Toys,40.4,79.86
SKU00810,Clothing,17.22,27.18
SKU00811,Automotive,27.78,47.43
SKU00812,Toys,45.12,54.25
SKU00813,Toys,7.05,9.26
SKU00814,Health,48.72,71.38
SKU00815,Electronics,33.01,52.02
SKU00816,Sports,14.31,23.09
SKU00817,Toys,43.44,53.84
SKU00818,Beauty,6.65,8.56
SKU00819,Health,25.83,40.06
SKU00820,Health,18.21,35.42
SKU00821,Automotive,41.75,59.61
SKU00822,Electronics,10.12,14.94
SKU00823,Food,30.87,37.77
SKU00824,Home & Garden,25.28,49.13
SKU00825,Electronics,22.54,40.22
SKU00826,Beauty,45.84,81.2
SKU00827,Electronics,42.07,82.63
SKU00828,Health,37.46,70.82
SKU00829,Food,37.29,69.5
SKU00830,Electronics,32.17,56.28
SKU00831,Clothing,34.94,64.3
SKU00832,Sports,21.61,28.02
SKU00833,Beauty,38.8,48.77
SKU00834,Health,19.45,35.01
SKU00835,Clothing,35.09,61.15
SKU00836,Clothing,44.96,75.49
SKU00837,Clothing,11.25,14.54
SKU00838,Food,44.32,78.85
SKU00839,Books,45.61,57.16
SKU00840,Beauty,41.9,73.57
SKU00841,Home & Garden,25.2,31.94
SKU00842,Health,45.96,84.85
SKU00843,Automotive,37.81,65.11
SKU00844,Books,36.16,55.83
SKU00845,Home & Garden,8.49,13.88
SKU00846,Toys,40.5,63.07
SKU00847,Clothing,22.29,34.78
SKU00848,Automotive,24.39,35.5
SKU00849,Health,21.65,26.46
SKU00850,Electronics,28.66,46.13
SKU00851,Books,34.06,42.09
SKU00852,Electronics,20.56,27.22
SKU00853,Health,34.06,58.23
SKU00854,Electronics,9.56,17.94
SKU00855,Beauty,21.41,29.42
SKU00856,Toys,25.43,44.52
SKU00857,Clothing,26.85,32.81
SKU00858,Home & Garden,48.38,72.93
SKU00859,Toys,46.65,71.44
SKU00860,Home & Garden,6.05,10.92
SKU00861,Books,18.02,34.59
SKU00862,Books,48.02,69.68
SKU00863,Food,24.99,49.87
SKU00864,Automotive,49.28,70.51
SKU00865,Sports,6.39,12.63
SKU00866,Toys,29.36,38.86
SKU00867,Electronics,28.95,38.64
SKU00868,Books,42.51,66.0
SKU00869,Health,42.21,74.59
SKU00870,Health,7.59,11.19
SKU00871,Books,48.49,79.82
SKU00872,Home & Garden,12.44,20.72
SKU00873,Home & Garden,11.77,21.82
SKU00874,Sports,23.08,46.05
SKU00875,Clothing,33.05,54.72
SKU00876,Health,25.77,45.98
SKU00877,Beauty,6.78,10.71
SKU00878,Sports,45.81,59.83
SKU00879,Books,31.96,47.39
SKU00880,Toys,10.88,19.94
SKU00881,Books,40.74,57.88
SKU00882,Health,47.48,62.63
SKU00883,Home & Garden,28.08,35.8
SKU00884,Sports,43.86,73.29
SKU00885,Health,27.11,43.87
SKU00886,Beauty,24.86,41.87
SKU00887,Automotive,21.3,37.93
SKU00888,Books,49.13,74.98
SKU00889,Home & Garden,32.1,53.7
SKU00890,Food,48.02,65.33
SKU00891,Automotive,7.68,9.23
SKU00892,Electronics,43.11,82.54
SKU00893,Home & Garden,19.04,26.74
SKU00894,Books,27.97,47.58
SKU00895,Food,5.86,9.27
SKU00896,Toys,37.52,65.81
SKU00897,Health,33.46,57.41
SKU00898,Clothing,20.0,35.73
SKU00899,Automotive,40.7,81.1
SKU00900,Clothing,35.46,66.05
SKU00901,Food,5.1,6.31
SKU00902,Sports,42.54,76.24
SKU00903,Books,5.25,10.25
SKU00904,Automotive,39.48,74.08
SKU00905,Clothing,9.7,14.73
SKU00906,Clothing,8.49,12.96
SKU00907,Toys,18.78,30.78
SKU00908,Clothing,5.27,6.75
SKU00909,Toys,18.48,23.31
SKU00910,Food,42.89,59.78
SKU00911,Toys,7.26,9.14
SKU00912,Beauty,18.29,25.35
SKU00913,Food,23.06,33.07
SKU00914,Beauty,23.23,44.71
SKU00915,Food,26.44,36.51
SKU00916,Automotive,14.87,18.24
SKU00917,Home & Garden,21.1,36.26
SKU00918,Toys,13.45,23.89
SKU00919,Health,31.36,53.31
SKU00920,Sports,33.67,54.58
SKU00921,Clothing,37.13,68.98
SKU00922,Beauty,18.05,29.79
SKU00923,Sports,11.43,20.8
SKU00924,Clothing,23.07,30.61
SKU00925,Clothing,11.02,18.78
SKU00926,Automotive,38.69,56.26
SKU00927,Electronics,28.0,34.65
SKU00928,Toys,36.81,46.02
SKU00929,Clothing,26.01,38.3
SKU00930,Automotive,8.72,16.96
SKU00931,Automotive,21.21,30.04
SKU00932,Clothing,19.1,34.98
SKU00933,Home & Garden,24.52,47.28
SKU00934,Beauty,48.38,61.52
SKU00935,Health,6.9,11.4
SKU00936,Automotive,36.67,44.14
SKU00937,Food,16.44,31.24
SKU00938,Books,48.47,87.68
SKU00939,Electronics,35.42,69.26
SKU00940,Automotive,9.74,17.78
SKU00941,Books,7.17,10.67
SKU00942,Food,27.52,42.55
SKU00943,Clothing,33.55,60.95
SKU00944,Automotive,7.36,13.34
SKU00945,Clothing,29.84,45.74
SKU00946,Clothing,14.54,25.09
SKU00947,Toys,44.61,61.23
SKU00948,Food,32.35,46.46
SKU00949,Beauty,46.89,60.98
SKU00950,Home & Garden,19.2,32.95
SKU00951,Books,35.7,56.21
SKU00952,Electronics,45.06,64.43
SKU00953,Home & Garden,35.01,65.07
SKU00954,Toys,28.21,39.9
SKU00955,Books,35.96,50.11
SKU00956,Toys,20.18,24.53
SKU00957,Sports,47.7,58.44
SKU00958,Home & Garden,23.19,37.68
SKU00959,Toys,17.0,30.26
SKU00960,Automotive,48.36,78.11
SKU00961,Toys,39.3,61.47
SKU00962,Electronics,28.46,56.37
SKU00963,Toys,5.76,10.47
SKU00964,Automotive,10.41,14.7
SKU00965,Books,20.38,36.51
SKU00966,Food,20.66,30.94
SKU00967,Books,34.09,67.48
SKU00968,Home & Garden,6.06,11.63
SKU00969,Electronics,32.28,46.25
SKU00970,Toys,11.85,22.76
SKU00971,Automotive,47.18,79.39
SKU00972,Food,35.22,58.67
SKU00973,Beauty,47.42,86.7
SKU00974,Sports,29.5,58.12
SKU00975,Toys,21.46,29.62
SKU00976,Food,11.34,19.25
SKU00977,Health,19.18,27.26
SKU00978,Books,28.73,55.3
SKU00979,Electronics,20.53,39.71
SKU00980,Beauty,37.62,61.37
SKU00981,Automotive,36.05,63.16
SKU00982,Clothing,5.35,9.13
SKU00983,Beauty,11.04,21.71
SKU00984,Clothing,15.89,25.42
SKU00985,Books,48.3,81.96
SKU00986,Toys,39.24,64.25
SKU00987,Home & Garden,12.46,19.39
SKU00988,Electronics,11.16,22.29
SKU00989,Clothing,43.42,60.51
SKU00990,Toys,9.9,16.92
SKU00991,Beauty,37.03,73.5
SKU00992,Automotive,14.86,23.29
SKU00993,Clothing,31.71,39.91
SKU00994,Toys,5.59,6.77
SKU00995,Home & Garden,37.95,56.31
SKU00996,Electronics,48.21,77.96
SKU00997,Clothing,48.52,73.47
SKU00998,Health,26.46,46.96
SKU00999,Electronics,25.62,46.76
SKU01000,Sports,30.43,55.3
SKU01001,Toys,32.14,60.04
SKU01002,Sports,21.07,40.89
SKU01003,Health,41.21,50.98
SKU01004,Health,19.48,36.58
SKU01005,Beauty,41.37,58.05
SKU01006,Automotive,23.12,44.3
SKU01007,Health,45.56,60.28
SKU01008,Food,46.38,92.51
SKU01009,Automotive,39.25,58.77
SKU01010,Sports,9.08,11.14
SKU01011,Home & Garden,47.79,79.42
SKU01012,Electronics,40.44,56.65
SKU01013,Sports,30.82,47.24
SKU01014,Electronics,15.82,21.41
SKU01015,Sports,9.58,15.38
SKU01016,Automotive,6.75,8.3
SKU01017,Electronics,11.67,20.34
SKU01018,Automotive,47.77,79.55
SKU01019,Beauty,31.1,50.18
SKU01020,Health,42.78,56.26
SKU01021,Food,45.23,88.53
SKU01022,Beauty,23.04,41.72
SKU01023,Food,26.44,42.24
SKU01024,Sports,14.2,19.94
SKU01025,Home & Garden,31.72,38.9
SKU01026,Automotive,21.4,30.73
SKU01027,Home & Garden,27.81,42.48
SKU01028,Beauty,42.2,52.25
SKU01029,Sports,36.21,65.79
SKU01030,Health,42.12,67.91
SKU01031,Electronics,29.26,41.72
SKU01032,Food,46.9,70.97
SKU01033,Books,39.45,47.34
SKU01034,Automotive,7.76,11.56
SKU01035,Automotive,48.79,67.37
SKU01036,Toys,5.45,8.45
SKU01037,Home & Garden,7.34,9.92
SKU01038,Toys,37.93,64.95
SKU01039,Automotive,43.18,66.41
SKU01040,Clothing,45.32,84.05
SKU01041,Home & Garden,13.17,19.72
SKU01042,Toys,23.26,32.01
SKU01043,Toys,22.69,37.96
SKU01044,Electronics,22.13,33.9
SKU01045,Health,36.92,49.25
SKU01046,Automotive,17.1,29.11
SKU01047,Toys,16.94,28.48
SKU01048,Sports,33.45,43.61
SKU01049,Books,9.61,15.49
SKU01050,Automotive,12.74,25.21
SKU01051,Beauty,12.16,16.34
SKU01052,Food,25.78,49.93
SKU01053,Food,10.63,19.99
SKU01054,Automotive,17.33,31.99
SKU01055,Automotive,20.54,30.16
SKU01056,Sports,12.08,15.64
SKU01057,Electronics,37.72,62.22
SKU01058,Food,29.72,43.08
SKU01059,Health,12.34,22.56
SKU01060,Sports,22.3,27.2
SKU01061,Sports,10.6,19.48
SKU01062,Electronics,48.66,75.43
SKU01063,Sports,30.15,48.27
SKU01064,Toys,29.59,58.4
SKU01065,Home & Garden,24.33,35.21
SKU01066,Toys,10.33,20.35
SKU01067,Home & Garden,47.86,66.11
SKU01068,Health,41.4,72.1
SKU01069,Food,19.24,35.66
SKU01070,Automotive,40.85,57.21
SKU01071,Beauty,47.09,88.55
SKU01072,Food,45.77,55.37
SKU01073,Beauty,7.33,12.02
SKU01074,Books,18.8,27.88
SKU01075,Electronics,47.07,72.7
SKU01076,Books,8.08,14.75
SKU01077,Clothing,24.47,42.79
SKU01078,Books,8.24,11.25
SKU01079,Food,47.5,81.39
SKU01080,Toys,38.01,49.14
SKU01081,Food,23.83,42.9
SKU01082,Beauty,49.57,72.38
SKU01083,Health,46.16,55.82
SKU01084,Health,13.07,25.84
SKU01085,Books,49.05,80.66
SKU01086,Clothing,36.7,56.46
SKU01087,Electronics,22.89,32.31
SKU01088,Health,28.26,50.64
SKU01089,Clothing,17.94,30.95
SKU01090,Toys,11.48,19.24
SKU01091,Toys,8.08,12.47
SKU01092,Sports,31.96,54.29
SKU01093,Clothing,17.03,20.65
SKU01094,Home & Garden,21.8,35.98
SKU01095,Automotive,36.8,62.12
SKU01096,Automotive,28.66,40.11
SKU01097,Clothing,43.97,86.07
SKU01098,Health,25.21,42.6
SKU01099,Toys,47.26,56.96
SKU01100,Beauty,31.44,55.37
SKU01101,Automotive,7.27,12.38
SKU01102,Sports,47.13,76.99
SKU01103,Home & Garden,48.09,73.06
SKU01104,Health,38.27,52.5
SKU01105,Toys,9.59,11.57
SKU01106,Toys,19.72,37.7
SKU01107,Books,46.15,71.41
SKU01108,Sports,24.55,43.67
SKU01109,Health,49.83,68.93
SKU01110,Automotive,35.18,61.94
SKU01111,Beauty,34.43,63.86
SKU01112,Sports,5.62,7.86
SKU01113,Automotive,5.71,7.21
SKU01114,Clothing,7.81,12.25
SKU01115,Home & Garden,14.69,24.65
SKU01116,Clothing,21.75,31.89
SKU01117,Clothing,41.23,76.62
SKU01118,Beauty,14.01,23.73
SKU01119,Electronics,16.4,32.64
SKU01120,Beauty,8.08,12.1
SKU01121,Automotive,14.28,26.27
SKU01122,Food,17.1,25.56
SKU01123,Toys,43.69,53.65
SKU01124,Books,23.51,44.65
SKU01125,Toys,24.24,37.67
SKU01126,Books,40.28,61.85
SKU01127,Toys,40.33,67.72
SKU01128,Sports,31.56,48.16
SKU01129,Toys,6.27,8.58
SKU01130,Electronics,39.4,60.19
SKU01131,Clothing,23.39,45.37
SKU01132,Books,12.22,15.35
SKU01133,Health,47.41,85.22
SKU01134,Home & Garden,41.64,72.78
SKU01135,Home & Garden,41.26,49.78
SKU01136,Beauty,29.9,41.98
SKU01137,Health,42.29,77.44
SKU01138,Food,14.72,27.2
SKU01139,Books,19.7,29.23
SKU01140,Health,17.22,23.85
SKU01141,Electronics,9.62,14.56
SKU01142,Home & Garden,42.3,62.57
SKU01143,Automotive,43.65,76.01
SKU01144,Electronics,20.52,32.2
SKU01145,Automotive,5.6,8.04
SKU01146,Books,23.5,41.77
SKU01147,Sports,15.33,19.84
SKU01148,Electronics,38.33,72.45
SKU01149,Books,37.96,61.19
SKU01150,Toys,29.36,43.34
SKU01151,Health,44.67,57.95
SKU01152,Home & Garden,15.01,24.24
SKU01153,Food,7.6,11.49
SKU01154,Home & Garden,20.11,36.18
SKU01155,Beauty,32.73,53.86
SKU01156,Electronics,24.3,39.68
SKU01157,Health,23.53,42.43
SKU01158,Clothing,19.74,32.32
SKU01159,Electronics,33.41,54.33
SKU01160,Electronics,27.31,53.15
SKU01161,Food,11.43,20.04
SKU01162,Food,10.14,18.38
SKU01163,Home & Garden,14.19,22.8
SKU01164,Books,39.94,67.46
SKU01165,Automotive,35.3,53.88
SKU01166,Books,14.99,26.55
SKU01167,Automotive,37.91,66.64
SKU01168,Beauty,42.63,79.16
SKU01169,Automotive,26.83,39.36
SKU01170,Automotive,28.92,46.52
SKU01171,Home & Garden,43.47,82.86
SKU01172,Home & Garden,5.6,8.56
SKU01173,Automotive,41.16,79.08
SKU01174,Clothing,8.01,15.24
SKU01175,Automotive,38.44,72.2
SKU01176,Sports,34.17,43.04
SKU01177,Clothing,28.1,55.96
SKU01178,Sports,49.87,82.15
SKU01179,Home & Garden,14.91,22.07
SKU01180,Beauty,8.09,12.1
SKU01181,Sports,7.04,10.42
SKU01182,Clothing,34.78,55.2
SKU01183,Clothing,39.78,65.18
SKU01184,Automotive,31.15,47.99
SKU01185,Health,40.19,72.39
SKU01186,Food,35.49,64.12
SKU01187,Home & Garden,35.2,59.72
SKU01188,Food,34.81,51.44
SKU01189,Toys,38.75,74.65
SKU01190,Food,32.24,49.87
SKU01191,Health,45.01,74.85
SKU01192,Toys,39.12,56.55
SKU01193,Toys,22.38,37.39
SKU01194,Automotive,15.87,21.77
SKU01195,Health,27.82,37.56
SKU01196,Electronics,31.31,40.92
SKU01197,Home & Garden,41.98,72.53
SKU01198,Electronics,17.24,30.23
SKU01199,Home & Garden,47.26,80.77
SKU01200,Electronics,28.79,53.58
SKU01201,Books,36.26,49.85
SKU01202,Sports,42.07,52.61
SKU01203,Books,41.67,75.94
SKU01204,Food,49.25,90.09
SKU01205,Health,36.45,54.49
SKU01206,Beauty,6.4,9.01
SKU01207,Toys,23.69,45.26
SKU01208,Books,33.35,62.92
SKU01209,Toys,24.3,33.07
SKU01210,Beauty,19.64,37.72
SKU01211,Beauty,35.0,44.65
SKU01212,Beauty,16.21,26.92
SKU01213,Toys,9.27,18.53
SKU01214,Health,5.26,8.27
SKU01215,Electronics,48.25,92.32
SKU01216,Books,40.27,66.56
SKU01217,Books,15.44,18.71
SKU01218,Beauty,33.07,59.85
SKU01219,Food,42.67,72.35
SKU01220,Home & Garden,47.23,72.35
SKU01221,Health,22.58,28.34
SKU01222,Home & Garden,24.9,43.98
SKU01223,Automotive,15.3,25.66
SKU01224,Beauty,22.06,33.03
SKU01225,Books,33.49,52.76
SKU01226,Books,49.15,84.52
SKU01227,Electronics,25.75,50.27
SKU01228,Clothing,21.31,40.29
SKU01229,Beauty,47.38,63.19
SKU01230,Books,7.45,12.78
SKU01231,Automotive,34.19,48.56
SKU01232,Home & Garden,38.65,71.43
SKU01233,Electronics,13.07,23.06
SKU01234,Toys,31.09,48.57
SKU01235,Clothing,5.86,10.69
SKU01236,Food,12.71,19.87
SKU01237,Beauty,41.13,80.97
SKU01238,Home & Garden,33.76,66.26
SKU01239,Clothing,30.77,43.74
SKU01240,Sports,8.54,15.3
SKU01241,Beauty,31.73,55.92
SKU01242,Beauty,15.39,29.73
SKU01243,Sports,44.64,85.11
SKU01244,Food,27.57,54.62
SKU01245,Beauty,13.85,24.79
SKU01246,Beauty,44.81,58.26
SKU01247,Home & Garden,6.35,12.18
SKU01248,Food,32.85,64.15
SKU01249,Books,7.81,11.46
SKU01250,Food,24.59,37.3
SKU01251,Electronics,43.36,84.58
SKU01252,Home & Garden,29.83,54.64
SKU01253,Food,14.49,20.04
SKU01254,Sports,7.49,14.63
SKU01255,Sports,24.73,40.16
SKU01256,Books,39.17,77.33
SKU01257,Beauty,5.39,7.14
SKU01258,Beauty,14.89,18.11
SKU01259,Health,16.54,24.55
SKU01260,Sports,14.47,26.73
SKU01261,Clothing,20.42,38.63
SKU01262,Beauty,8.72,13.85
SKU01263,Food,36.8,62.33
SKU01264,Books,26.53,48.41
SKU01265,Beauty,33.08,46.94
SKU01266,Food,8.7,13.64
SKU01267,Health,42.01,52.32
SKU01268,Beauty,21.37,28.91
SKU01269,Automotive,30.84,53.47
SKU01270,Beauty,34.89,47.43
SKU01271,Food,42.8,85.25
SKU01272,Automotive,47.32,57.38
SKU01273,Books,27.02,48.46
SKU01274,Toys,42.72,63.62
SKU01275,Home & Garden,40.99,53.23
SKU01276,Food,25.43,46.03
SKU01277,Beauty,13.84,27.14
SKU01278,Books,27.96,50.01
SKU01279,Health,44.13,67.18
SKU01280,Food,46.95,84.2
SKU01281,Toys,10.92,20.58
SKU01282,Books,17.54,24.12
SKU01283,Toys,42.16,60.22
SKU01284,Toys,48.65,80.61
SKU01285,Automotive,40.35,56.59
SKU01286,Health,21.53,27.34
SKU01287,Electronics,37.83,62.74
SKU01288,Books,12.88,22.39
SKU01289,Automotive,16.37,26.45
SKU01290,Sports,16.24,22.9
SKU01291,Health,40.67,69.21
SKU01292,Electronics,11.84,18.55
SKU01293,Electronics,18.23,25.33
SKU01294,Food,18.12,24.75
SKU01295,Health,40.36,67.48
SKU01296,Books,25.98,46.99
SKU01297,Food,26.93,41.57
SKU01298,Electronics,36.68,71.46
SKU01299,Clothing,22.9,42.65
SKU01300,Books,39.33,48.63
SKU01301,Electronics,27.98,47.34
SKU01302,Automotive,26.07,47.43
SKU01303,Books,7.26,8.92
SKU01304,Electronics,43.38,84.28
SKU01305,Electronics,40.82,73.6
SKU01306,Automotive,20.12,31.64
SKU01307,Automotive,32.37,46.13
SKU01308,Electronics,32.48,44.18
SKU01309,Home & Garden,38.78,50.44
SKU01310,Electronics,14.49,23.83
SKU01311,Books,30.46,59.19
SKU01312,Toys,21.46,31.22
SKU01313,Home & Garden,28.61,52.08
SKU01314,Home & Garden,23.84,34.18
SKU01315,Books,48.27,83.71
SKU01316,Home & Garden,33.67,56.49
SKU01317,Toys,35.53,51.67
SKU01318,Clothing,32.88,55.23
SKU01319,Sports,38.26,54.4
SKU01320,Sports,48.35,58.42
SKU01321,Electronics,36.78,62.46
SKU01322,Home & Garden,19.03,28.02
SKU01323,Beauty,19.09,35.89
SKU01324,Health,20.45,38.2
SKU01325,Beauty,47.25,73.82
SKU01326,Toys,7.78,9.91
SKU01327,Beauty,31.78,41.97
SKU01328,Automotive,46.1,62.3
SKU01329,Beauty,26.19,45.3
SKU01330,Health,34.14,48.42
SKU01331,Home & Garden,45.7,84.72
SKU01332,Health,47.37,86.56
SKU01333,Home & Garden,14.56,25.2
SKU01334,Health,37.27,70.25
SKU01335,Clothing,45.3,87.31
SKU01336,Food,18.45,23.72
SKU01337,Toys,13.58,18.3
SKU01338,Health,32.17,60.82
SKU01339,Sports,10.4,18.59
SKU01340,Electronics,10.26,17.91
SKU01341,Health,18.5,31.02
SKU01342,Automotive,12.4,16.03
SKU01343,Books,20.98,25.94
SKU01344,Food,34.64,67.38
SKU01345,Home & Garden,30.5,52.63
SKU01346,Home & Garden,23.49,38.72
SKU01347,Sports,5.49,10.21
SKU01348,Books,9.44,11.9
SKU01349,Books,10.34,20.52
SKU01350,Books,8.03,13.45
SKU01351,Electronics,36.49,61.79
SKU01352,Food,12.76,21.12
SKU01353,Toys,24.06,44.15
SKU01354,Food,48.64,75.14
SKU01355,Clothing,7.27,9.03
SKU01356,Electronics,25.61,35.37
SKU01357,Electronics,16.38,27.22
SKU01358,Toys,45.4,81.54
SKU01359,Toys,26.48,39.21
SKU01360,Beauty,12.12,15.05
SKU01361,Toys,14.41,18.27
SKU01362,Electronics,21.13,40.78
SKU01363,Home & Garden,14.96,22.51
SKU01364,Toys,39.28,71.7
SKU01365,Books,14.19,17.22
SKU01366,Books,47.02,82.15
SKU01367,Automotive,32.08,62.54
SKU01368,Health,23.35,31.03
SKU01369,Clothing,48.7,80.35
SKU01370,Food,23.8,30.77
SKU01371,Home & Garden,39.81,49.18
SKU01372,Home & Garden,8.46,12.55
SKU01373,Sports,35.66,69.62
SKU01374,Beauty,19.38,30.06
SKU01375,Food,16.49,21.18
SKU01376,Sports,23.59,41.07
SKU01377,Books,8.15,12.36
SKU01378,Sports,30.03,36.74
SKU01379,Sports,23.86,31.85
SKU01380,Clothing,30.07,41.65
SKU01381,Beauty,48.59,68.51
SKU01382,Food,14.92,28.48
SKU01383,Beauty,25.91,38.96
SKU01384,Automotive,17.86,22.73
SKU01385,Toys,28.91,50.36
SKU01386,Food,37.92,70.51
SKU01387,Food,42.48,69.34
SKU01388,Health,15.67,20.15
SKU01389,Food,27.52,42.58
SKU01390,Beauty,29.64,42.07
SKU01391,Health,30.79,44.95
SKU01392,Home & Garden,42.28,74.85
SKU01393,Sports,19.6,27.18
SKU01394,Home & Garden,20.56,35.71
SKU01395,Toys,24.83,32.42
SKU01396,Toys,40.25,56.86
SKU01397,Health,6.16,10.37
SKU01398,Food,25.68,39.68
SKU01399,Automotive,13.91,17.43
SKU01400,Books,18.82,30.82
SKU01401,Automotive,12.21,16.32
SKU01402,Automotive,40.87,72.73
SKU01403,Health,20.32,37.48
SKU01404,Automotive,34.78,58.49
SKU01405,Clothing,8.46,11.74
SKU01406,Books,42.57,84.28
SKU01407,Food,16.9,24.07
SKU01408,Clothing,46.69,71.7
SKU01409,Toys,14.62,22.45
SKU01410,Home & Garden,22.68,27.74
SKU01411,Health,47.6,86.89
SKU01412,Health,31.48,47.78
SKU01413,Food,5.28,6.6
SKU01414,Beauty,45.69,68.53
SKU01415,Beauty,9.19,14.05
SKU01416,Electronics,14.98,21.78
SKU01417,Sports,41.78,81.23
SKU01418,Sports,25.25,37.12
SKU01419,Books,8.76,11.99
SKU01420,Health,34.83,66.05
SKU01421,Books,37.74,59.91
SKU01422,Sports,12.26,20.32
SKU01423,Books,39.21,51.88
SKU01424,Sports,38.03,56.17
SKU01425,Clothing,23.38,40.77
SKU01426,Books,42.23,70.44
SKU01427,Home & Garden,36.37,49.28
SKU01428,Toys,16.69,31.86
SKU01429,Sports,19.04,24.7
SKU01430,Home & Garden,23.51,32.73
SKU01431,Automotive,11.35,18.57
SKU01432,Clothing,22.86,30.3
SKU01433,Books,8.69,10.67
SKU01434,Clothing,6.35,9.88
SKU01435,Food,10.28,13.72
SKU01436,Home & Garden,31.0,58.68
SKU01437,Home & Garden,49.33,89.51
SKU01438,Sports,25.09,42.53
SKU01439,Beauty,30.39,57.15
SKU01440,Food,47.05,82.4
SKU01441,Electronics,10.81,13.84
SKU01442,Food,5.73,10.63
SKU01443,Electronics,45.05,89.8
SKU01444,Electronics,34.34,62.67
SKU01445,Food,16.39,31.01
SKU01446,Home & Garden,10.67,21.16
SKU01447,Home & Garden,19.59,34.12
SKU01448,Electronics,47.48,86.06
SKU01449,Clothing,30.89,47.67
SKU01450,Toys,11.45,13.91
SKU01451,Health,36.16,50.14
SKU01452,Beauty,38.62,53.1
SKU01453,Books,34.27,46.94
SKU01454,Automotive,43.23,53.43
SKU01455,Automotive,49.86,67.15
SKU01456,Automotive,46.8,68.59
SKU01457,Health,5.62,7.11
SKU01458,Clothing,42.89,68.03
SKU01459,Clothing,24.19,39.63
SKU01460,Beauty,27.17,46.37
SKU01461,Automotive,48.44,60.08
SKU01462,Books,30.96,51.12
SKU01463,Beauty,21.32,34.91
SKU01464,Books,32.04,47.19
SKU01465,Health,23.3,30.63
SKU01466,Sports,49.62,88.39
SKU01467,Sports,32.25,46.64
SKU01468,Sports,32.65,54.36
SKU01469,Food,5.05,7.16
SKU01470,Books,34.78,59.37
SKU01471,Food,5.73,10.22
SKU01472,Electronics,34.93,57.46
SKU01473,Food,10.68,19.77
SKU01474,Electronics,42.42,82.07
SKU01475,Clothing,19.32,37.01
SKU01476,Food,37.8,68.95
SKU01477,Electronics,5.61,8.19
SKU01478,Home & Garden,11.67,14.86
SKU01479,Beauty,45.25,84.11
SKU01480,Books,28.15,35.7
SKU01481,Automotive,22.28,38.61
SKU01482,Books,22.49,31.32
SKU01483,Food,26.6,34.86
SKU01484,Food,49.43,76.88
SKU01485,Toys,44.31,88.47
SKU01486,Home & Garden,41.56,60.74
SKU01487,Electronics,23.12,40.19
SKU01488,Toys,31.65,55.57
SKU01489,Electronics,33.46,43.58
SKU01490,Sports,36.53,65.85
SKU01491,Sports,24.17,48.23
SKU01492,Automotive,17.8,27.68
SKU01493,Books,40.84,56.61
SKU01494,Beauty,10.65,20.99
SKU01495,Home & Garden,26.53,44.27
SKU01496,Automotive,8.87,11.05
SKU01497,Food,48.9,77.22
SKU01498,Food,15.52,26.54
SKU01499,Toys,28.54,40.46
SKU01500,Toys,16.35,23.65
SKU01501,Health,11.93,23.63
SKU01502,Beauty,31.24,55.74
SKU01503,Beauty,8.36,16.1
SKU01504,Sports,13.55,23.86
SKU01505,Home & Garden,46.01,55.98
SKU01506,Beauty,46.58,92.24
SKU01507,Toys,18.64,36.77
SKU01508,Sports,22.82,41.19
SKU01509,Health,23.55,45.88
SKU01510,Food,40.55,58.98
SKU01511,Automotive,22.0,27.5
SKU01512,Home & Garden,8.45,11.27
SKU01513,Home & Garden,34.61,69.17
SKU01514,Sports,23.03,29.76
SKU01515,Beauty,49.36,59.24
SKU01516,Books,24.89,42.78
SKU01517,Toys,25.49,39.05
SKU01518,Food,34.19,67.15
SKU01519,Automotive,13.12,18.5
SKU01520,Clothing,23.07,33.92
SKU01521,Electronics,12.31,21.43
SKU01522,Sports,38.05,52.01
SKU01523,Health,14.67,18.1
SKU01524,Clothing,44.24,73.5
SKU01525,Beauty,41.14,67.14
SKU01526,Automotive,22.83,32.81
SKU01527,Home & Garden,11.82,18.27
SKU01528,Sports,32.65,52.85
SKU01529,Health,26.15,41.89
SKU01530,Toys,26.46,45.09
SKU01531,Sports,40.26,57.23
SKU01532,Food,35.53,51.82
SKU01533,Health,48.69,65.33
SKU01534,Toys,32.15,59.2
SKU01535,Home & Garden,28.23,46.99
SKU01536,Books,5.47,10.49
SKU01537,Health,41.44,81.23
SKU01538,Food,49.21,62.45
SKU01539,Food,15.2,25.14
SKU01540,Books,24.79,42.52
SKU01541,Books,10.24,13.33
SKU01542,Food,45.61,68.71
SKU01543,Books,45.75,85.47
SKU01544,Health,24.85,33.79
SKU01545,Sports,20.89,38.43
SKU01546,Toys,14.82,28.87
SKU01547,Health,40.3,67.65
SKU01548,Food,16.13,30.54
SKU01549,Food,32.23,44.36
SKU01550,Food,26.53,32.28
SKU01551,Toys,7.68,12.93
SKU01552,Health,17.75,33.19
SKU01553,Food,21.82,37.1
SKU01554,Home & Garden,13.3,18.11
SKU01555,Home & Garden,7.3,11.09
SKU01556,Home & Garden,44.76,63.4
SKU01557,Health,11.54,18.52
SKU01558,Books,6.16,10.12
SKU01559,Home & Garden,44.51,73.28
SKU01560,Books,7.19,9.19
SKU01561,Toys,42.01,80.74
SKU01562,Electronics,34.05,42.1
SKU01563,Beauty,18.35,23.15
SKU01564,Automotive,10.71,13.91
SKU01565,Automotive,12.47,15.56
SKU01566,Toys,35.79,70.13
SKU01567,Clothing,46.76,59.52
SKU01568,Clothing,35.26,47.1
SKU01569,Home & Garden,19.9,36.08
SKU01570,Automotive,23.69,28.89
SKU01571,Electronics,6.0,11.94
SKU01572,Home & Garden,48.55,79.62
SKU01573,Beauty,19.19,29.07
SKU01574,Books,9.36,12.58
SKU01575,Clothing,35.49,58.12
SKU01576,Clothing,19.94,36.4
SKU01577,Clothing,33.25,57.12
SKU01578,Home & Garden,49.66,69.16
SKU01579,Toys,37.86,60.27
SKU01580,Electronics,23.44,46.46
SKU01581,Food,5.75,7.8
SKU01582,Food,17.27,30.83
SKU01583,Electronics,42.47,78.28
SKU01584,Electronics,48.07,91.92
SKU01585,Home & Garden,25.68,44.71
SKU01586,Food,30.58,38.15
SKU01587,Home & Garden,22.82,29.81
SKU01588,Food,47.72,90.84
SKU01589,Beauty,10.74,16.4
SKU01590,Toys,20.99,36.43
SKU01591,Food,31.51,61.47
SKU01592,Clothing,30.9,41.07
SKU01593,Automotive,13.95,20.25
SKU01594,Clothing,8.11,15.1
SKU01595,Home & Garden,20.97,38.25
SKU01596,Sports,36.47,53.41
SKU01597,Books,30.53,56.09
SKU01598,Health,28.09,36.64
SKU01599,Electronics,10.99,15.49
SKU01600,Books,7.74,13.59
SKU01601,Clothing,17.97,21.65
SKU01602,Toys,45.86,63.93
SKU01603,Toys,6.08,10.14
SKU01604,Beauty,10.79,17.9
SKU01605,Electronics,9.11,15.5
SKU01606,Electronics,21.27,27.66
SKU01607,Home & Garden,45.35,61.54
SKU01608,Electronics,43.77,72.74
SKU01609,Automotive,19.22,32.71
SKU01610,Food,24.34,43.8
SKU01611,Home & Garden,16.51,24.13
SKU01612,Electronics,17.1,23.23
SKU01613,Food,22.31,34.56
SKU01614,Toys,31.53,39.54
SKU01615,Automotive,8.67,11.01
SKU01616,Health,39.77,70.47
SKU01617,Clothing,17.75,26.98
SKU01618,Automotive,32.22,48.65
SKU01619,Beauty,35.1,64.55
SKU01620,Sports,16.97,24.88
SKU01621,Automotive,44.88,70.32
SKU01622,Sports,41.35,78.92
SKU01623,Sports,49.86,88.56
SKU01624,Automotive,44.59,55.26
SKU01625,Automotive,11.19,13.44
SKU01626,Books,11.22,21.17
SKU01627,Beauty,23.73,35.25
SKU01628,Beauty,6.81,10.97
SKU01629,Toys,23.48,32.12
SKU01630,Beauty,41.17,52.16
SKU01631,Health,40.19,72.84
SKU01632,Automotive,11.83,17.31
SKU01633,Food,10.88,18.91
SKU01634,Health,30.88,42.16
SKU01635,Toys,21.51,28.35
SKU01636,Toys,19.1,32.63
SKU01637,Toys,23.24,32.89
SKU01638,Beauty,42.13,77.36
SKU01639,Food,39.43,51.84
SKU01640,Home & Garden,48.03,72.11
SKU01641,Home & Garden,40.46,77.79
SKU01642,Toys,9.91,13.86
SKU01643,Sports,26.85,43.95
SKU01644,Food,43.58,78.95
SKU01645,Automotive,46.03,58.83
SKU01646,Toys,35.71,52.33
SKU01647,Electronics,35.12,48.64
SKU01648,Home & Garden,18.77,23.48
SKU01649,Toys,5.23,8.14
SKU01650,Books,35.72,49.6
SKU01651,Beauty,44.21,63.28
SKU01652,Toys,43.63,56.96
SKU01653,Electronics,31.9,40.38
SKU01654,Toys,16.35,31.05
SKU01655,Toys,18.82,35.53
SKU01656,Electronics,26.4,49.61
SKU01657,Food,12.57,23.5
SKU01658,Books,33.62,51.15
SKU01659,Books,28.0,47.14
SKU01660,Home & Garden,40.69,80.77
SKU01661,Home & Garden,36.92,47.42
SKU01662,Sports,26.1,46.05
SKU01663,Electronics,18.69,24.51
SKU01664,Clothing,23.35,44.58
SKU01665,Toys,20.74,39.2
SKU01666,Food,17.18,24.03
SKU01667,Automotive,10.95,21.71
SKU01668,Sports,29.49,58.41
SKU01669,Automotive,12.72,16.97
SKU01670,Food,44.6,71.55
SKU01671,Automotive,11.23,22.3
SKU01672,Toys,26.33,41.1
SKU01673,Automotive,31.79,48.71
SKU01674,Books,23.48,43.54
SKU01675,Books,41.91,72.05
SKU01676,Electronics,11.18,15.89
SKU01677,Food,38.85,62.55
SKU01678,Clothing,38.59,55.92
SKU01679,Automotive,24.59,47.61
SKU01680,Home & Garden,7.46,10.17
SKU01681,Books,43.79,56.24
SKU01682,Sports,28.08,40.02
SKU01683,Clothing,12.55,16.27
SKU01684,Electronics,37.58,73.02
SKU01685,Electronics,36.75,53.15
SKU01686,Clothing,8.29,14.87
SKU01687,Electronics,37.34,48.11
SKU01688,Sports,46.3,59.57
SKU01689,Clothing,7.42,10.03
SKU01690,Beauty,33.11,41.88
SKU01691,Toys,20.36,31.66
SKU01692,Food,41.68,79.27
SKU01693,Clothing,43.97,53.11
SKU01694,Health,29.07,35.77
SKU01695,Food,26.75,53.21
SKU01696,Beauty,17.58,32.09
SKU01697,Sports,49.65,93.63
SKU01698,Books,29.06,54.84
SKU01699,Health,15.56,28.87
SKU01700,Sports,42.24,50.71
SKU01701,Electronics,47.81,62.62
SKU01702,Food,13.42,22.07
SKU01703,Food,15.08,22.47
SKU01704,Toys,48.99,90.44
SKU01705,Home & Garden,19.86,25.53
SKU01706,Clothing,18.39,26.46
SKU01707,Food,12.39,22.64
SKU01708,Toys,37.31,53.23
SKU01709,Automotive,8.17,15.76
SKU01710,Electronics,41.96,68.63
SKU01711,Books,12.73,20.14
SKU01712,Books,43.68,58.32
SKU01713,Toys,5.6,9.01
SKU01714,Electronics,42.64,68.31
SKU01715,Electronics,41.88,80.02
SKU01716,Books,17.79,25.46
SKU01717,Sports,38.95,60.63
SKU01718,Home & Garden,36.54,49.53
SKU01719,Electronics,27.65,50.8
SKU01720,Automotive,34.05,45.1
SKU01721,Books,23.07,42.32
SKU01722,Toys,23.61,29.08
SKU01723,Health,14.45,20.35
SKU01724,Health,38.06,66.98
SKU01725,Food,22.65,44.35
SKU01726,Clothing,39.36,50.65
SKU01727,Food,32.91,52.07
SKU01728,Health,39.56,67.36
SKU01729,Clothing,25.26,41.05
SKU01730,Food,44.94,76.41
SKU01731,Clothing,46.58,86.47
SKU01732,Sports,33.6,49.89
SKU01733,Food,42.12,73.75
SKU01734,Books,22.2,28.98
SKU01735,Health,48.55,83.8
SKU01736,Home & Garden,33.93,57.02
SKU01737,Automotive,28.67,51.83
SKU01738,Electronics,13.69,21.59
SKU01739,Health,13.11,16.88
SKU01740,Food,23.59,32.07
SKU01741,Toys,8.25,13.7
SKU01742,Health,37.64,56.02
SKU01743,Books,22.41,28.33
SKU01744,Beauty,14.32,23.41
SKU01745,Beauty,45.99,55.41
SKU01746,Automotive,16.05,29.69
SKU01747,Sports,46.67,62.04
SKU01748,Beauty,37.16,51.74
SKU01749,Clothing,44.8,73.62
SKU01750,Electronics,13.8,18.39
SKU01751,Books,31.97,43.51
SKU01752,Electronics,10.17,12.24
SKU01753,Sports,31.24,51.96
SKU01754,Automotive,19.13,30.6
SKU01755,Books,44.27,56.21
SKU01756,Health,24.07,35.47
SKU01757,Electronics,25.02,39.81
SKU01758,Clothing,46.27,76.02
SKU01759,Electronics,24.39,35.36
SKU01760,Home & Garden,24.52,46.06
SKU01761,Home & Garden,49.36,90.48
SKU01762,Toys,33.04,59.26
SKU01763,Beauty,43.03,65.23
SKU01764,Electronics,5.9,7.38
SKU01765,Health,31.25,49.11
SKU01766,Toys,33.56,45.28
SKU01767,Automotive,14.86,19.17
SKU01768,Food,26.81,32.75
SKU01769,Sports,14.72,29.06
SKU01770,Health,48.07,74.11
SKU01771,Electronics,45.41,73.56
SKU01772,Beauty,35.63,61.76
SKU01773,Books,14.27,17.13
SKU01774,Clothing,5.99,8.91
SKU01775,Food,22.45,29.42
SKU01776,Clothing,11.89,21.2
SKU01777,Home & Garden,27.16,47.81
SKU01778,Sports,23.82,34.48
SKU01779,Toys,27.38,36.76
SKU01780,Clothing,19.75,36.59
SKU01781,Books,22.71,35.86
SKU01782,Home & Garden,20.3,38.48
SKU01783,Books,39.96,75.04
SKU01784,Home & Garden,12.45,21.97
SKU01785,Books,10.36,13.6
SKU01786,Toys,14.53,17.92
SKU01787,Books,42.64,75.2
SKU01788,Health,35.01,54.21
SKU01789,Food,37.37,72.64
SKU01790,Food,16.65,20.68
SKU01791,Health,9.56,17.53
SKU01792,Home & Garden,26.7,33.27
SKU01793,Health,12.48,18.77
SKU01794,Toys,45.43,75.69
SKU01795,Home & Garden,46.52,84.19
SKU01796,Clothing,13.27,19.41
SKU01797,Automotive,32.11,51.12
SKU01798,Beauty,17.58,23.02
SKU01799,Sports,13.89,25.62
SKU01800,Beauty,39.85,60.11
SKU01801,Toys,38.75,71.45
SKU01802,Clothing,8.14,15.58
SKU01803,Food,27.61,40.37
SKU01804,Toys,42.64,80.59
SKU01805,Toys,20.13,38.99
SKU01806,Health,7.23,12.29
SKU01807,Toys,26.83,34.02
SKU01808,Beauty,20.18,27.11
SKU01809,Automotive,15.65,24.83
SKU01810,Clothing,8.37,10.76
SKU01811,Health,13.77,22.09
SKU01812,Sports,22.01,43.69
SKU01813,Automotive,10.36,12.74
SKU01814,Sports,24.12,36.34
SKU01815,Food,24.71,46.33
SKU01816,Clothing,9.53,14.43
SKU01817,Sports,25.21,41.9
SKU01818,Toys,34.42,50.95
SKU01819,Beauty,9.8,14.63
SKU01820,Health,23.19,46.26
SKU01821,Clothing,48.65,92.05
SKU01822,Beauty,28.27,53.11
SKU01823,Clothing,25.5,40.44
SKU01824,Food,16.93,22.62
SKU01825,Beauty,23.86,30.8
SKU01826,Clothing,46.08,77.79
SKU01827,Toys,16.24,23.95
SKU01828,Health,28.19,36.13
SKU01829,Clothing,5.72,11.28
SKU01830,Books,32.14,40.62
SKU01831,Books,22.73,42.76
SKU01832,Food,31.18,56.53
SKU01833,Books,29.18,39.5
SKU01834,Sports,33.06,43.14
SKU01835,Clothing,43.02,68.02
SKU01836,Food,39.22,68.28
SKU01837,Sports,39.04,61.66
SKU01838,Health,47.49,94.81
SKU01839,Books,26.09,34.39
SKU01840,Food,14.41,18.79
SKU01841,Sports,42.74,78.93
SKU01842,Health,6.55,10.2
SKU01843,Books,18.58,22.85
SKU01844,Automotive,29.23,56.42
SKU01845,Toys,32.95,42.73
SKU01846,Clothing,47.09,84.82
SKU01847,Health,26.97,49.9
SKU01848,Health,24.29,41.36
SKU01849,Food,36.54,66.21
SKU01850,Home & Garden,14.22,26.13
SKU01851,Toys,18.96,28.81
SKU01852,Toys,17.72,25.59
SKU01853,Sports,46.33,57.34
SKU01854,Sports,48.95,73.51
SKU01855,Sports,33.3,57.02
SKU01856,Books,13.13,25.71
SKU01857,Automotive,19.68,35.52
SKU01858,Sports,27.02,35.3
SKU01859,Clothing,38.41,53.1
SKU01860,Sports,18.5,29.21
SKU01861,Food,34.87,45.14
SKU01862,Beauty,31.25,59.61
SKU01863,Food,5.75,8.46
SKU01864,Food,23.87,42.03
SKU01865,Automotive,31.34,44.03
SKU01866,Electronics,36.13,62.47
SKU01867,Beauty,18.98,30.59
SKU01868,Food,45.95,81.5
SKU01869,Automotive,40.9,77.36
SKU01870,Sports,47.25,67.85
SKU01871,Sports,39.06,68.41
SKU01872,Clothing,43.83,69.45
SKU01873,Electronics,10.0,12.25
SKU01874,Sports,44.5,60.66
SKU01875,Food,12.13,15.16
SKU01876,Food,48.73,78.46
SKU01877,Electronics,26.12,49.28
SKU01878,Clothing,12.91,20.78
SKU01879,Sports,40.1,63.25
SKU01880,Food,5.43,6.84
SKU01881,Clothing,41.92,50.55
SKU01882,Health,19.82,24.61
SKU01883,Health,25.72,45.46
SKU01884,Home & Garden,28.47,37.0
SKU01885,Electronics,17.68,23.83
SKU01886,Books,8.56,10.6
SKU01887,Health,11.05,17.39
SKU01888,Beauty,24.28,29.66
SKU01889,Sports,30.29,39.06
SKU01890,Beauty,45.2,69.89
SKU01891,Electronics,49.4,69.2
SKU01892,Toys,45.9,83.91
SKU01893,Books,47.54,59.23
SKU01894,Food,7.27,11.91
SKU01895,Automotive,48.15,63.28
SKU01896,Clothing,19.59,38.44
SKU01897,Home & Garden,23.22,46.42
SKU01898,Home & Garden,41.93,63.47
SKU01899,Beauty,11.95,18.55
SKU01900,Toys,7.88,9.92
SKU01901,Clothing,18.64,36.79
SKU01902,Food,22.68,31.91
SKU01903,Electronics,45.93,55.35
SKU01904,Clothing,47.19,82.29
SKU01905,Toys,12.27,24.15
SKU01906,Sports,40.47,49.34
SKU01907,Clothing,25.25,44.29
SKU01908,Electronics,14.59,27.63
SKU01909,Toys,29.22,47.53
SKU01910,Sports,9.36,11.65
SKU01911,Automotive,43.4,69.38
SKU01912,Beauty,7.66,10.85
SKU01913,Beauty,36.27,58.48
SKU01914,Automotive,35.06,45.81
SKU01915,Beauty,41.77,50.58
SKU01916,Electronics,20.61,31.86
SKU01917,Beauty,20.11,32.4
SKU01918,Home & Garden,20.21,35.66
SKU01919,Books,15.1,24.21
SKU01920,Food,28.0,43.58
SKU01921,Clothing,34.45,65.38
SKU01922,Clothing,44.06,73.42
SKU01923,Clothing,21.74,27.7
SKU01924,Toys,16.81,27.99
SKU01925,Automotive,15.98,31.53
SKU01926,Home & Garden,29.77,47.96
SKU01927,Sports,42.69,62.25
SKU01928,Clothing,28.67,50.19
SKU01929,Food,10.38,14.37
SKU01930,Food,7.22,10.89
SKU01931,Electronics,38.63,47.83
SKU01932,Health,19.43,26.31
SKU01933,Toys,39.37,63.44
SKU01934,Clothing,25.01,41.55
SKU01935,Health,40.38,61.55
SKU01936,Automotive,37.22,62.75
SKU01937,Food,27.32,32.96
SKU01938,Clothing,31.83,57.02
SKU01939,Clothing,42.87,52.49
SKU01940,Clothing,23.78,34.43
SKU01941,Home & Garden,11.02,21.63
SKU01942,Home & Garden,8.1,12.86
SKU01943,Electronics,32.91,53.84
SKU01944,Sports,9.03,16.0
SKU01945,Sports,14.61,22.34
SKU01946,Health,5.33,8.57
SKU01947,Books,22.59,44.76
SKU01948,Home & Garden,41.01,57.14
SKU01949,Beauty,37.25,55.38
SKU01950,Beauty,27.77,50.6
SKU01951,Sports,38.6,46.71
SKU01952,Toys,35.93,52.1
SKU01953,Home & Garden,33.6,67.02
SKU01954,Sports,15.16,20.33
SKU01955,Health,24.99,32.73
SKU01956,Home & Garden,18.23,28.38
SKU01957,Beauty,45.94,86.43
SKU01958,Automotive,9.7,16.05
SKU01959,Beauty,25.61,38.86
SKU01960,Toys,30.57,43.4
SKU01961,Home & Garden,16.73,27.02
SKU01962,Food,12.84,21.02
SKU01963,Sports,28.34,35.17
SKU01964,Food,18.34,35.65
SKU01965,Sports,19.53,27.46
SKU01966,Automotive,29.93,43.05
SKU01967,Toys,36.84,47.34
SKU01968,Toys,18.58,35.67
SKU01969,Sports,10.13,17.37
SKU01970,Beauty,30.98,53.2
SKU01971,Toys,41.3,57.89
SKU01972,Clothing,33.75,42.7
SKU01973,Home & Garden,18.17,29.73
SKU01974,Health,24.44,48.86
SKU01975,Food,12.35,15.85
SKU01976,Home & Garden,26.98,43.7
SKU01977,Automotive,17.02,32.83
SKU01978,Books,10.81,19.39
SKU01979,Health,32.97,45.36
SKU01980,Food,11.1,15.64
SKU01981,Toys,22.4,41.6
SKU01982,Books,42.57,75.28
SKU01983,Home & Garden,38.12,54.13
SKU01984,Health,20.34,40.65
SKU01985,Home & Garden,40.51,68.15
SKU01986,Electronics,49.92,62.9
SKU01987,Electronics,42.64,84.4
SKU01988,Clothing,7.94,14.74
SKU01989,Clothing,44.57,71.82
SKU01990,Home & Garden,34.26,68.04
SKU01991,Automotive,38.83,64.87
SKU01992,Home & Garden,9.37,11.72
SKU01993,Health,7.48,11.53
SKU01994,Toys,46.78,80.14
SKU01995,Sports,28.64,35.88
SKU01996,Toys,46.12,91.55
SKU01997,Books,20.99,36.64
SKU01998,Health,37.19,52.61
SKU01999,Beauty,20.44,35.43
SKU02000,Electronics,5.54,7.26
SKU02001,Beauty,49.24,78.54
SKU02002,Clothing,35.18,65.34
SKU02003,Health,30.77,40.31
SKU02004,Automotive,44.47,62.02
SKU02005,Books,35.22,51.68
SKU02006,Beauty,46.0,85.4
SKU02007,Beauty,7.19,13.49
SKU02008,Clothing,20.41,33.41
SKU02009,Health,38.89,69.3
SKU02010,Sports,13.47,18.15
SKU02011,Toys,47.65,72.3
SKU02012,Toys,7.21,11.95
SKU02013,Books,19.7,29.15
SKU02014,Beauty,48.5,75.29
SKU02015,Electronics,33.15,55.19
SKU02016,Food,35.91,68.75
SKU02017,Health,20.86,27.14
SKU02018,Clothing,35.43,66.85
SKU02019,Electronics,8.48,13.66
SKU02020,Automotive,9.75,18.05
SKU02021,Health,32.82,59.91
SKU02022,Health,34.72,64.14
SKU02023,Toys,38.64,72.67
SKU02024,Sports,33.82,49.08
SKU02025,Electronics,6.49,12.73
SKU02026,Automotive,12.49,22.11
SKU02027,Beauty,15.59,24.88
SKU02028,Health,26.76,32.43
SKU02029,Health,39.15,62.67
SKU02030,Beauty,11.6,19.91
SKU02031,Toys,45.28,75.12
SKU02032,Clothing,31.72,57.21
SKU02033,Home & Garden,46.02,89.4
SKU02034,Health,5.1,10.14
SKU02035,Automotive,20.95,34.61
SKU02036,Food,46.19,65.24
SKU02037,Health,13.85,27.12
SKU02038,Clothing,45.81,61.16
SKU02039,Sports,29.56,51.64
SKU02040,Electronics,26.11,32.81
SKU02041,Toys,20.11,33.37
SKU02042,Health,28.1,36.13
SKU02043,Home & Garden,10.86,18.63
SKU02044,Sports,42.8,70.02
SKU02045,Sports,46.57,86.48
SKU02046,Clothing,10.61,15.83
SKU02047,Clothing,35.47,61.94
SKU02048,Food,5.8,7.43
SKU02049,Health,25.5,48.78
SKU02050,Home & Garden,42.46,84.63
SKU02051,Books,13.25,15.98
SKU02052,Electronics,49.35,86.33
SKU02053,Home & Garden,40.94,52.63
SKU02054,Home & Garden,43.57,80.76
SKU02055,Sports,33.38,51.54
SKU02056,Food,8.52,14.14
SKU02057,Health,47.13,92.02
SKU02058,Electronics,47.88,66.62
SKU02059,Electronics,16.38,20.53
SKU02060,Automotive,17.21,20.71
SKU02061,Clothing,37.45,52.64
SKU02062,Beauty,40.61,70.84
SKU02063,Sports,33.2,43.73
SKU02064,Food,15.58,26.82
SKU02065,Home & Garden,44.08,59.04
SKU02066,Toys,5.76,11.11
SKU02067,Sports,41.89,83.75
SKU02068,Toys,8.46,12.95
SKU02069,Electronics,48.45,93.63
SKU02070,Clothing,40.78,53.36
SKU02071,Automotive,7.78,13.91
SKU02072,Home & Garden,9.51,13.47
SKU02073,Home & Garden,14.17,19.96
SKU02074,Automotive,20.4,40.5
SKU02075,Sports,23.73,31.63
SKU02076,Home & Garden,41.94,59.77
SKU02077,Toys,7.55,9.78
SKU02078,Clothing,15.97,23.07
SKU02079,Books,25.06,44.29
SKU02080,Beauty,12.83,19.1
SKU02081,Books,27.5,35.81
SKU02082,Toys,29.07,58.04
SKU02083,Health,33.57,63.35
SKU02084,Toys,40.84,68.46
SKU02085,Health,41.61,73.74
SKU02086,Food,45.96,60.83
SKU02087,Sports,9.21,11.18
SKU02088,Toys,17.47,27.25
SKU02089,Beauty,44.69,87.92
SKU02090,Home & Garden,43.32,81.92
SKU02091,Books,20.45,24.85
SKU02092,Home & Garden,5.39,6.55
SKU02093,Health,24.59,39.84
SKU02094,Clothing,5.34,8.21
SKU02095,Automotive,11.55,21.97
SKU02096,Electronics,15.49,28.66
SKU02097,Health,13.0,19.26
SKU02098,Health,33.26,62.0
SKU02099,Health,31.89,57.13
SKU02100,Electronics,29.36,36.47
SKU02101,Clothing,14.19,24.15
SKU02102,Food,27.83,43.23
SKU02103,Electronics,30.46,58.9
SKU02104,Clothing,25.3,44.91
SKU02105,Automotive,27.16,36.77
SKU02106,Food,14.8,20.72
SKU02107,Toys,25.84,41.08
SKU02108,Home & Garden,33.67,64.61
SKU02109,Food,11.72,22.79
SKU02110,Books,25.11,45.76
SKU02111,Automotive,12.41,18.92
SKU02112,Clothing,36.97,56.75
SKU02113,Toys,22.19,27.13
SKU02114,Toys,21.14,36.05
SKU02115,Home & Garden,9.93,19.58
SKU02116,Sports,48.3,95.23
SKU02117,Automotive,37.29,67.92
SKU02118,Clothing,9.52,15.3
SKU02119,Books,16.17,32.19
SKU02120,Home & Garden,29.0,57.9
SKU02121,Health,14.54,20.23
SKU02122,Toys,6.87,9.38
SKU02123,Automotive,5.88,11.2
SKU02124,Home & Garden,20.23,24.39
SKU02125,Toys,43.62,66.57
SKU02126,Home & Garden,34.26,61.44
SKU02127,Electronics,10.47,17.87
SKU02128,Clothing,21.59,39.21
SKU02129,Automotive,10.21,19.15
SKU02130,Toys,28.41,34.94
SKU02131,Electronics,45.85,58.23
SKU02132,Sports,14.7,27.21
SKU02133,Clothing,14.04,25.89
SKU02134,Books,18.01,35.34
SKU02135,Home & Garden,30.53,45.85
SKU02136,Electronics,17.31,26.31
SKU02137,Home & Garden,48.22,59.58
SKU02138,Food,16.6,29.23
SKU02139,Home & Garden,7.23,12.14
SKU02140,Health,5.6,9.14
SKU02141,Sports,27.45,34.53
SKU02142,Clothing,10.65,19.3
SKU02143,Health,26.84,35.41
SKU02144,Electronics,29.14,55.02
SKU02145,Home & Garden,32.59,43.21
SKU02146,Home & Garden,33.94,61.43
SKU02147,Clothing,33.21,46.58
SKU02148,Toys,41.8,82.9
SKU02149,Books,25.47,45.92
SKU02150,Beauty,28.44,49.35
SKU02151,Clothing,16.73,24.05
SKU02152,Health,43.53,55.69
SKU02153,Beauty,8.56,13.33
SKU02154,Beauty,37.4,47.91
SKU02155,Clothing,36.35,46.44
SKU02156,Books,15.61,27.64
SKU02157,Beauty,41.1,61.98
SKU02158,Sports,31.71,41.28
SKU02159,Home & Garden,12.24,21.54
SKU02160,Food,43.39,72.25
SKU02161,Electronics,41.66,81.19
SKU02162,Automotive,21.27,31.62
SKU02163,Sports,31.3,57.51
SKU02164,Beauty,26.24,41.77
SKU02165,Electronics,42.44,64.62
SKU02166,Electronics,47.05,83.8
SKU02167,Home & Garden,15.73,28.86
SKU02168,Books,28.75,47.32
SKU02169,Health,15.75,30.86
SKU02170,Health,12.67,19.74
SKU02171,Electronics,6.58,9.6
SKU02172,Health,18.07,22.86
SKU02173,Home & Garden,25.13,49.56
SKU02174,Sports,17.52,23.6
SKU02175,Toys,25.6,46.27
SKU02176,Clothing,8.45,14.63
SKU02177,Toys,23.85,43.43
SKU02178,Electronics,37.52,73.41
SKU02179,Clothing,31.25,49.07
SKU02180,Automotive,13.92,26.44
SKU02181,Health,24.3,32.83
SKU02182,Health,17.04,27.52
SKU02183,Sports,8.69,11.79
SKU02184,Toys,38.06,55.47
SKU02185,Sports,29.52,41.79
SKU02186,Health,27.21,42.52
SKU02187,Beauty,16.93,29.41
SKU02188,Home & Garden,14.09,18.15
SKU02189,Electronics,40.4,64.96
SKU02190,Food,10.18,17.01
SKU02191,Books,14.03,26.72
SKU02192,Health,19.11,32.41
SKU02193,Sports,23.47,45.69
SKU02194,Food,43.23,70.3
SKU02195,Beauty,49.15,88.09
SKU02196,Books,39.04,49.83
SKU02197,Toys,23.16,46.21
SKU02198,Home & Garden,7.26,9.08
SKU02199,Food,14.13,25.38
SKU02200,Home & Garden,34.95,55.74
SKU02201,Sports,18.55,25.96
SKU02202,Books,16.46,26.19
SKU02203,Automotive,14.21,23.5
SKU02204,Books,11.4,14.16
SKU02205,Home & Garden,17.57,26.28
SKU02206,Clothing,44.85,54.18
SKU02207,Sports,30.73,45.02
SKU02208,Food,27.85,44.54
SKU02209,Electronics,5.71,8.49
SKU02210,Beauty,11.1,14.62
SKU02211,Books,9.54,12.97
SKU02212,Beauty,47.19,82.74
